"reviewsDistribution/fiveStar","reviewsDistribution/fourStar","reviewsDistribution/oneStar","reviewsDistribution/threeStar","reviewsDistribution/twoStar","title","location/lat","location/lng","categoryName","price","postalCode","address","reviewsCount","street","totalScore"
,,,,,"Pizzadise","31.3784355","74.1748025","Pizza restaurant",,,"Plaza no 16 Overseas A commercial, Overseas Enclave Sector B Bahria Town, Lahore, Punjab, Pakistan","67","Plaza no 16 Overseas A commercial","4.4"
,,,,,"Pizza 2 Go","31.3758645","74.1706831","Pizza restaurant","$$",,"24, AA-Block Aa Block Sector D Bahria Town, Lahore, Punjab, Pakistan","199","24","3.8"
,,,,,"House of Pizza Bahria","31.3692174","74.187415","Pizza restaurant",,"54500","Shop no 18, Ground Floor Metro Gold heights, near country Club, Bahria Town, Lahore, 54500, Pakistan","122","Shop no 18, Ground Floor Metro Gold heights, near country Club","4.7"
,,,,,"Broadway Pizza - Bahria Town","31.3745325","74.1856789","Pizza restaurant","$$",,"Plaza No. 021, A Block, Commercial, Sector C Bahria Town, Lahore, Pakistan","1310","Plaza No. 021, A Block, Commercial","4.3"
,,,,,"The Pizza Heart","30.9818793","74.267838","Pizza restaurant",,,"X7J9+Q44, Khudian Khas, Kasur, Punjab, Pakistan","55","X7J9+Q44","3.6"
,,,,,"J Jamera جے جمیرا","31.3670447","74.1860389","Pizza restaurant",,,"958P+RC7, adjacent to Bahria Grand Mosque, Commercial Janiper Block Sector E Bahria Town, Lahore, Punjab 53720, Pakistan","1343","958P+RC7, adjacent to Bahria Grand Mosque","4.8"
,,,,,"Ahsaan Pizza Hut","30.990714","74.2708002","Pizza restaurant",,,"X7RC+78M ch Ismaeil chowak, exchange road, Khudian Khas, Kasur, Punjab, Pakistan","9","X7RC+78M ch Ismaeil chowak, exchange road","4.2"
,,,,,"OnO Pizza (Olive & Onion Pizza)","31.3768885","74.1848791","Pizza restaurant",,"53720","159-A commercial, Commercial Zone Sector C Commercial Area Sector C Bahria Town, Lahore, Punjab 53720, Pakistan","128","159-A commercial","4.5"
,,,,,"Up to down Lahore","30.990714","74.2708003","Pizza restaurant",,,"X7RC+78M, Khudian Khas, Kasur, Punjab, Pakistan","0","X7RC+78M",
,,,,,"Pizza Max - Bahria Town","31.377841","74.1865597","Pizza restaurant","$$",,"beside Gloria Jeans, Sector C Gulbahar Block Sector C Bahria Town, Lahore, Punjab, Pakistan","1000","beside Gloria Jeans","3.9"
,,,,,"Broadway Pizza - Lake City","31.3538086","74.2456349","Pizza restaurant","$$","58810","First Floor, 36/19 Lake City Main Blvd, Block M 7 Lake City, Lahore, Punjab 58810, Pakistan","615","First Floor, 36/19 Lake City Main Blvd","4.5"
,,,,,"Domino's Pizza | Bahria Town LHR","31.3732424","74.1852363","Pizza restaurant","$$",,"Bahria Town Main Blvd, Sector C Commercial Area Sector C Bahria Town, Lahore, Punjab 53720, Pakistan","1424","Bahria Town Main Blvd","3.9"
,,,,,"Manhattans Nyc","31.3690856","74.2557601","Pizza restaurant",,"54000","Lake, Down Town, Block M 3 A City, Lahore, Punjab 54000, Pakistan","73","Lake, Down Town","4.7"
,,,,,"Pizza hills - Lake City","31.3558892","74.2400322","Pizza restaurant",,"54000","C 4-6 Plaza Number, Business Bay, M1, Block M 1 Lake City, Lahore, Punjab 54000, Pakistan","21","C 4-6 Plaza Number, Business Bay, M1","4.7"
,,,,,"NY 212 Bahria Town","31.3672676","74.1852431","Pizza restaurant","$$","53720","83A، Iqbal Block، E Street 1، adjacent Grand Bahria Masjid, Janiper Block Sector E Bahria Town, Lahore, Punjab 53720, Pakistan","1274","83A، Iqbal Block، E Street 1، adjacent Grand Bahria Masjid","4.2"
,,,,,"Anglos pizza","31.3156652","74.3872773","Pizza restaurant",,"53100","B, Food street, block, Lahore, 53100, Pakistan","31","B, Food street, block","4.6"
,,,,,"Pizza N Bun","31.3943125","74.1749375","Pizza restaurant",,,"95VF+PX2, 95VF+PX2 A 128 C, A 128 C, Block A Canal Gardens, Lahore, Punjab, Pakistan","136","95VF+PX2, 95VF+PX2 A 128 C, A 128 C","4.9"
,,,,,"Love bites pizza","31.3758715","74.1845757","Pizza restaurant",,"53720","C Gulmahar Block Sector C Bahria Town, Lahore, Punjab 53720, Pakistan","2",,"5"
,,,,,"7 Eleven Fooding and pizza restaurant","31.245738","74.2103968","Pizza restaurant",,,"Manga - Raiwind Road, near shell petrol pump, Raiwind, Kasur, Punjab, Pakistan","69","Manga - Raiwind Road, near shell petrol pump","4.6"
,,,,,"Cheezious - Pattoki","31.0238058","73.8487382","Pizza restaurant","$$",,"Shahrah-e-Quaid-e-Azam Rd, Faisal Colony, Pattoki, Kasur, Punjab, Pakistan","6022","Shahrah-e-Quaid-e-Azam Rd","4.7"
,,,,,"Papa Johns Pizza","31.3751277","74.1857701","Pizza restaurant","$$","53720","17-A, Sector C Bahria Town, Lahore, 53720, Pakistan","971","17-A","4.1"
,,,,,"Delicious pizza","31.3872345","74.3635102","Pizza restaurant",,,"Service Road, Gajju Matah, Kahna, Lahore, Punjab, Pakistan","78","Service Road","4.1"
,,,,,"Wild West Foods Bahria Orchard","31.3218419","74.2279898","Pizza restaurant",,"55150","Bahria Orchard Gate#1, adjacent to Chughtai Lab, Lahore, 55150, Pakistan","322","Bahria Orchard Gate#1, adjacent to Chughtai Lab","4.3"
,,,,,"Cheezy Food","31.2516714","74.2212708","Pizza restaurant",,,"near Railway Station, Raiwind, Kasur, Punjab, Pakistan","10","near Railway Station","4.8"
,,,,,"Zaha E Naseeb.","31.3838999","74.145764","Pizza restaurant",,,"94MW+H82, Ali Hussainabad, Jhuggian Ladha Singh, Lahore, Punjab, Pakistan","2","94MW+H82","3.5"
,,,,,"Pizza That's it !","31.1224054","74.4630454","Pizza restaurant",,,"4FC7+X67, Shahbaz Khan Rd, near zakki adda, Ali Ahmad Shah Colony Ali Ahmed Shah Colony, Kasur, Punjab, Pakistan","8","4FC7+X67, Shahbaz Khan Rd, near zakki adda","3.8"
,,,,,"NY212 Pizza Lake City","31.3540052","74.2446319","Pizza restaurant","$$","58810","C - 36 - 24 Main Blvd, Block M 7 Lake City, Lahore, Punjab 58810, Pakistan","1108","C - 36 - 24 Main Blvd","4.1"
,,,,,"Forks n Knives Multinational - Bahria Town","31.3707458","74.1857484","Pizza restaurant",,"53720","57-A, Commercial, near Grand Masjid, C Chambelli Block Sector C Bahria Town, Lahore, 53720, Pakistan","1726","57-A, Commercial, near Grand Masjid","4.6"
,,,,,"Chick Boss & Pizza Parlour","31.1210386","74.4503442","Restaurant","$$",,"Badar Din Rd, Old City Kasur, Kasur, Punjab, Pakistan","417","Badar Din Rd","4"
,,,,,"Up Town Lahore Ellahabad Branch","30.8810004","74.065187","Pizza restaurant",,"55221","Near Bilal Marriage Hall Kasur, Road, Allahabad, 55221, Pakistan","61","Near Bilal Marriage Hall Kasur, Road","4.6"
,,,,,"Coffee Planet & Italian Pizzeria - Bahria Town","31.3617693","74.1867841","Pizza restaurant",,,"Nishtar Commercial Plaza No. 6 near clock tower Sector E bahria, town, Lahore, Pakistan","395","Nishtar Commercial Plaza No. 6 near clock tower Sector E bahria","4.3"
,,,,,"Nasheman Food","31.3190553","74.4034735","Pizza restaurant",,,"Sun Flower Sunflower Block Bahria Nasheman, Lahore, Punjab, Pakistan","2",,"4.5"
,,,,,"Pizza Lab","31.4068818","74.1847558","Pizza restaurant",,,"325d Jubilee Town Rd, Block D Block C Jubilee Town Housing Scheme, Lahore, Punjab, Pakistan","8","325d Jubilee Town Rd","4.6"
,,,,,"Pizza Junction - Bahria Town","31.3766486","74.1867567","Pizza restaurant","$$","53720","95GP+MP2, Sector C Commercial Area Sector C Bahria Town, Lahore, Punjab 53720, Pakistan","361","95GP+MP2","4.1"
,,,,,"Nawab Pizza","31.0203584","73.8519952","Pizza restaurant",,"55300","Shahrah-e-Quaid-e-Azam Rd, Pattoki, Kasur, Punjab 55300, Pakistan","75","Shahrah-e-Quaid-e-Azam Rd","4.2"
,,,,,"Pari Paker Pizza Hut","31.2477288","74.2178155","Pizza restaurant",,"55150","1 Raiwind Jinnah Market, 55150, Pakistan","476","1 Raiwind Jinnah Market","3.8"
,,,,,"Nonstop Pizza","31.4044226","74.1907597","Pizza restaurant",,,"C53R+Q86, Block F Jubilee Town, Lahore, Punjab, Pakistan","1","C53R+Q86","5"
,,,,,"Crust Crew","31.3721509","74.1878901","Pizza restaurant",,"53720","110-B commercial side, Tulip Extension Commercial Area Sector C Bahria Town, Lahore, Punjab 53720, Pakistan","3","110-B commercial side","3.7"
,,,,,"Aladdin (Pizza, Burger, Wraps)","31.4131684","74.176922","Pizza restaurant",,"53720","Shop no 5 izmer Extension Liaqat market, Canal Road, Izmir, Lahore, 53720, Pakistan","65","Shop no 5 izmer Extension Liaqat market, Canal Road","4.8"
"1","0","0","0","0","La'Pizza","31.3650604","74.1874238","Pizza restaurant",,"54600","Shop 2 Bldg, Rafi Commercial, 81 St 3, Sector E Rafi Block Bahria Town, Lahore, Punjab 54600, Pakistan","1","Shop 2 Bldg, Rafi Commercial, 81 St 3","5"
,,,,,"Broadway Pizza - GT Road","31.5909789","74.4385532","Pizza restaurant","$$","54000","Building Vide Plot No.1, Phase-5, Al Raheem Garden, Main Grand Trunk Rd, Manawan, Lahore, Punjab 54000, Pakistan","560","Building Vide Plot No.1, Phase-5, Al Raheem Garden, Main Grand Trunk Rd","4.8"
,,,,,"Pizza Cafe","31.5916844","74.3692666","Pizza restaurant",,"54000","H9R9+MPC, Bhogiwal Rd, Gujjarpura, Lahore, Punjab 54000, Pakistan","52","H9R9+MPC, Bhogiwal Rd","4.4"
,,,,,"Pizza School","31.6029201","74.3362276","Pizza restaurant",,,"95 Triple Rd, Shad Bagh, Lahore, Punjab, Pakistan","48","95 Triple Rd","4.5"
,,,,,"The Pizza Cafe","31.6009923","74.3778855","Pizza restaurant",,,"J92H+947, Mehmood Booti, Lahore, Punjab, Pakistan","1","J92H+947","5"
,,,,,"Pizza Man & Chick Master-Fast Food پیزا مین اینڈ چک ماسٹر-فاسٹ فوڈ","31.5807068","74.3729732","Pizza restaurant","$$","54000","213 GT Rd, Baghbanpura, Lahore, Punjab 54000, Pakistan","158","213 GT Rd","4.1"
,,,,,"Charlie Pizza","31.60059","74.4010504","Pizza restaurant",,"54000","Band Rd, Daroghe Wala, Lahore, Punjab 54000, Pakistan","4","Band Rd","3.5"
,,,,,"Top Pizza","31.6033824","74.4717878","Pizza restaurant",,"54000","E-6, Al-Ahmad, Garden Housing Schemē Manawan, Lahore, Punjab 54000, Pakistan","4","E-6, Al-Ahmad","4.8"
,,,,,"pizza fun","31.5937292","74.4530338","Pizza restaurant",,"54000","Sutter, Sooter Mills Rd, Lahore, 54000, Pakistan","11","Sutter, Sooter Mills Rd","4.8"
,,,,,"Pizza Queen","31.5864167","74.4004658","Pizza restaurant",,"54000","366 Grand Trunk Rd, Daroghawala, Lahore, Punjab 54000, Pakistan","676","366 Grand Trunk Rd","4.6"
,,,,,"Pizza World & Fast Food","31.5918779","74.398555","Pizza restaurant",,"54000","Orangzaib road nazd nim peer darbar, Succhan Wali Gali, Devioura Bilal Colony Daroghe Wala, Lahore, Punjab 54000, Pakistan","41","Orangzaib road nazd nim peer darbar, Succhan Wali Gali","4.1"
,,,,,"Mr Pizza & burger","31.5974311","74.3462682","Pizza restaurant",,"54000","Sher Shah Rd, Shad Bagh, Lahore, Punjab 54000, Pakistan","21","Sher Shah Rd","4.5"
,,,,,"Pizza craft","31.5701058","74.4134333","Pizza restaurant",,"54850","6/B Ibn-e-Saeed Rd, near Cakes&Bakes, Canal Bank Housing Scheme, Lahore, Punjab 54850, Pakistan","64","6/B Ibn-e-Saeed Rd, near Cakes&Bakes","4.3"
,,,,,"Hafiz Burge And Pizza","31.5740065","74.4267814","Pizza restaurant",,,"HCFG+JP3, Harbanspura, Lahore, Punjab, Pakistan","29","HCFG+JP3","4.6"
,,,,,"Pizza Mart","31.58315","74.3779374","Pizza restaurant",,"54000","H9MH+753, Baghbanpura, Lahore, Punjab 54000, Pakistan","11","H9MH+753","4.1"
,,,,,"Big Be Hot Pizza & Fast Food","31.5698375","74.3857192","Pizza restaurant",,"54000","Usman milk sohp، Main Bazar, Ramgarh, Lahore, 54000, Pakistan","79","Usman milk sohp، Main Bazar","4.3"
,,,,,"MOD PIZZA Shad Bagh, Lahore","31.5946358","74.3391978","Pizza restaurant",,,"H8VQ+VPJ, Shadbagh Rd, Shad Bagh, Lahore, Punjab, Pakistan","1","H8VQ+VPJ, Shadbagh Rd","5"
,,,,,"Pizza Trend","31.5850287","74.4216042","Pizza restaurant",,,"HCPC+2J9, Street No. 1, near Kareem nagar, Sharif Garden, Lahore, Punjab, Pakistan","6","HCPC+2J9, Street No. 1, near Kareem nagar","5"
,,,,,"Pizza Max - Shalimar","31.5787588","74.3810956","Pizza restaurant","$$","54000","Shalimar Link Road, Singhpura, Lahore, Punjab 54000, Pakistan","924","Shalimar Link Road","4.2"
,,,,,"Pizza Online Shalamar","31.5863958","74.395271","Restaurant",,"54072","313 Gt Road, Service Rd, near Pakistan Mint, Daroghawala, Lahore, 54072, Pakistan","495","313 Gt Road, Service Rd, near Pakistan Mint","4.6"
,,,,,"Pizza Viza","31.5870176","74.3367398","Pizza restaurant",,"54950","Neelam Cinema, 102 Aziz Road, opposite Gourmet Bakery, Wassan Pura Misri Shah, Lahore, Punjab 54950, Pakistan","1","Neelam Cinema, 102 Aziz Road, opposite Gourmet Bakery","5"
,,,,,"Broadway Pizza - Valencia Town","31.4087299","74.2603858","Pizza restaurant","$$","54782","15-D Commercial Zone, Valencia, Lahore, 54782, Pakistan","999","15-D Commercial Zone","4.5"
,,,,,"Italian pizza & Fast Food..","31.394631","74.2560596","Pizza restaurant",,,"97V4+VC3, Block K1 Block K 1 Valencia, Lahore, Punjab, Pakistan","34","97V4+VC3","3.2"
,,,,,"Domino's Pizza | Valencia Town Lahore","31.4083406","74.2597495","Pizza restaurant","$$",,"Raja associates, Valencia Main Blvd, D Block Block B Valencia, Lahore, Punjab, Pakistan","1412","Raja associates, Valencia Main Blvd","3.9"
,,,,,"New Pizza King","31.4391791","74.3033599","Pizza restaurant",,"54000","205 2c2, Block 3 Twp Sector C 2 Green Town, Lahore, Punjab 54000, Pakistan","50","205 2c2","3.7"
,,,,,"Chick-N-Pizza","31.401769","74.2686687","Pizza restaurant",,,"near UET Round About، Commercial Zone Block E Audit and Accounts Housing Society, Lahore, Punjab, Pakistan","141","near UET Round About","4.2"
,,,,,"Fine Pizza Family Restaurant","31.4323763","74.2889172","Pizza restaurant","$$",,"95, Block B PCSIR Staff Colony, Lahore, Punjab, Pakistan","1418","95","4"
,,,,,"Pizza Junction - Valencia Town","31.4093222","74.2599556","Pizza restaurant","$$",,"D Block Block D Valencia, Lahore, Punjab, Pakistan","491",,"4.2"
,,,,,"Mega Bite Pizza","31.4197144","74.2813543","Pizza restaurant",,"54770","19 MB military Account, College Road, near Missile Chowk, Lahore, 54770, Pakistan","141","19 MB military Account, College Road, near Missile Chowk","4.6"
,,,,,"London Melt","31.4248032","74.2653003","Pizza restaurant",,,"11 j2 Abbaseen Ave, WAPDA Town Block J 2 Wapda Town Phase 1 Lahore, Punjab, Pakistan","506","11 j2 Abbaseen Ave","4.1"
,,,,,"Papa Johns Pizza","31.408213","74.2598762","Pizza restaurant","$$","54000","COMMERCIAL MARKET, 6-D Block D Valencia, Lahore, Punjab 54000, Pakistan","1037","COMMERCIAL MARKET","4.2"
,,,,,"DomiNick’s Pizza","31.4037086","74.2685741","Pizza restaurant",,"54770","Plot 41A, Block A U.E.T. Housing Society, Lahore, Punjab 54770, Pakistan","7","Plot 41A","5"
,,,,,"Pizza Guy","31.4434398","74.2912234","Pizza restaurant",,"54600","Allah Baksh Rd, Mateen Avenue, Lahore, Punjab 54600, Pakistan","148","Allah Baksh Rd","4.8"
,,,,,"Pizza Pro Max","31.3903292","74.2633214","Pizza restaurant",,,"Block P Dha Rahbar Phase 2 Dha Rahbar, Lahore, Punjab, Pakistan","9",,"4"
,,,,,"Mojooz","31.4146944","74.2519999","Pizza restaurant",,,"C772+VQH, Block A3 Block A 3 Valencia, Lahore, Punjab, Pakistan","25","C772+VQH","5"
,,,,,"Subs and Pizza","31.4432826","74.2768723","Pizza restaurant",,"54770","C7VG+8P9 PIA, Main Boulevard, Block F Pia Housing Scheme, Lahore, Punjab 54770, Pakistan","5","C7VG+8P9 PIA, Main Boulevard","3.8"
,,,,,"The Crust Pizza","31.4450625","74.2795625","Pizza restaurant",,"54770","Block D Pia Housing Scheme, Lahore, Punjab 54770, Pakistan","593",,"4.7"
,,,,,"Broadway Pizza - Johar Town","31.4498032","74.2691526","Pizza restaurant","$$",,"Shahrah Nazaria-e-Pakistan،, Commercial Area Phase 2 Johar Town, Lahore, Punjab, Pakistan","10289","Shahrah Nazaria-e-Pakistan،","4.6"
,,,,,"California Pizza Johar Town","31.4501704","74.2698925","Pizza restaurant","$$","54782","California Pizza 55-Gcp Society, block R, near Shoukat Khanum, Block R 1 Phase 2 Johar Town, Lahore, Punjab 54782, Pakistan","1780","California Pizza 55-Gcp Society, block R, near Shoukat Khanum","4"
,,,,,"Pizza74","31.4453477","74.2868743","Pizza restaurant",,,"Block A3 Block A 3 PGECHS, Lahore, Punjab 54770, Pakistan","125",,"4.8"
,,,,,"Broadway Burger and Pizza","31.4140137","74.2196951","Pizza restaurant",,,"C679+JV4, Block B Sher Shah Colony, Lahore, Punjab, Pakistan","11","C679+JV4","2.1"
"11","5","2","1","0","Pizza Spot","31.3907826","74.2082493","Pizza restaurant",,,"11, Block H Dream Gardens Housing Society, Lahore, Punjab, Pakistan","19","11","4.2"
"9","0","0","0","0","Pizza Inn","31.4161872","74.2606282","Restaurant","$$",,"Plot C, 28, Block A1 Block A 1 Valencia, Lahore, Punjab, Pakistan","9","Plot C, 28","5"
"39","7","10","5","2","Pizza Channel Wapda Town","31.4261549","74.2673126","Restaurant",,,"38, Market Block J1, j1market commercial plaza, WAPDA Town Block J 1 Wapda Town Phase 1 Lahore, Punjab, Pakistan","63","38, Market Block J1, j1market commercial plaza","4"
"115","34","10","19","4","Chicken Munchies Pizza & Fast Food Restaurant","31.4164167","74.260643","Restaurant",,"54770","24, Block A1 Block A 1 Valencia, Lahore, Punjab 54770, Pakistan","182","24","4.3"
"159","58","32","25","9","The Pizza Lounge","31.4355849","74.215955","Fast food restaurant",,,"7 D EME, Block D DHA, Lahore, Punjab, Pakistan","283","7 D EME","4.1"
"28","4","8","3","2","Bakes & Bites pizza","31.3946958","74.2559955","Restaurant",,"54000","Block K1 Block K 1 Valencia, Lahore, Punjab 54000, Pakistan","45",,"3.9"
"19","1","1","1","0","The Pizza Master","31.4317724","74.2532817","Fast food restaurant",,,"C7J3+P83, Iqbal Ave, Nasheman Iqbal Phase 1 Nasheman-e-Iqbal Housing Society, Lahore, Punjab, Pakistan","22","C7J3+P83, Iqbal Ave","4.7"
,,,,,"Delish Pizza Bar","31.5185632","74.346263","Pizza restaurant","$$",,"Fashion Ave, Mall 94 Block D1 Gulberg, Lahore, Punjab, Pakistan","522","Fashion Ave","4.3"
,,,,,"Broadway Pizza - MM Alam","31.5068439","74.350047","Pizza restaurant","$$","54660","Near Hussain Chowk, 59-B Block Block B 3 Gulberg III, Lahore, Punjab 54660, Pakistan","7683","Near Hussain Chowk","4.5"
,,,,,"PizzaroChiX","31.5639089","74.3861945","Pizza restaurant",,,"Jehangir Rd, Gunj Lahore, Punjab, Pakistan","15","Jehangir Rd","4.8"
,,,,,"The Pizza Shop","31.5224987","74.4509232","Pizza restaurant",,,"155 Barki Rd, Block D Park View CHS, Lahore, Punjab, Pakistan","547","155 Barki Rd","4.2"
,,,,,"Asian Pizza","31.5486197","74.3831715","Pizza restaurant",,"54000","Shop no, 648 Sarfaraz Rafiqui Rd, near VIP store, Saddar Town, Lahore, Punjab 54000, Pakistan","14","Shop no, 648 Sarfaraz Rafiqui Rd, near VIP store","4.9"
,,,,,"Pizza Channel","31.4821527","74.3102115","Pizza restaurant","$","54000","Pizza Channel, Shop 7 Hafiz Plaza 31-M Block, Model Town Extension Model Town, Lahore, 54000, Pakistan","2047","Pizza Channel, Shop 7 Hafiz Plaza 31-M Block","4.2"
,,,,,"Broadway Pizza - Shadman","31.5422727","74.3289841","Pizza restaurant","$$","54000","Plot # 97 Shadman, 1 Lahore Main Blvd Shadman, near Shadman Chowk, Lahore, 54000, Pakistan","2717","Plot # 97 Shadman, 1 Lahore Main Blvd Shadman, near Shadman Chowk","4.6"
,,,,,"Broadway Pizza - Mall Road","31.5620513","74.3183742","Pizza restaurant","$$","54000","westend Plaza, 72 Shahrah-e-Quaid-e-Azam, Mozang Chungi, Lahore, Punjab 54000, Pakistan","3899","westend Plaza, 72 Shahrah-e-Quaid-e-Azam","4.6"
,,,,,"The Pizza King","31.6209793","74.251892","Fast food restaurant",,,"Main bazar khaki Dosaco chowk, Lahore - Sheikhupura - Faisalabad Rd, Pind Nizampura Dhaka, Lahore, Sheikhupura, Punjab, Pakistan","22","Main bazar khaki Dosaco chowk, Lahore - Sheikhupura - Faisalabad Rd","4.5"
,,,,,"New Pizza Masters","31.5309766","74.3014015","Pizza restaurant",,"54000","shabab chowk, 942 Samanabad، Samanabad Town, Lahore, Punjab 54000, Pakistan","312","shabab chowk, 942 Samanabad","4.3"
,,,,,"Pizza 21 Thokar Branch","31.46748","74.2433184","Pizza restaurant",,,"basement of, max digitle colour lab studio, Lalazar commercial, 13-B, Main Raiwind Rd, Block C Judicial Colony, Lahore, Punjab, Pakistan","356","basement of, max digitle colour lab studio, Lalazar commercial, 13-B, Main Raiwind Rd","3.9"
,,,,,"Bombay Pizza","31.5639858","74.2942305","Pizza restaurant",,"54000","18 Alamgir Rd, Krishan Nagar Lahore, Punjab 54000, Pakistan","18","18 Alamgir Rd","4.3"
,,,,,"Broadway Pizza - Shalimar","31.5688067","74.3807784","Pizza restaurant","$$","54000","H99J+5CC, Shop # 7-8 Bazar Stop, Shalimar Link Road, near Ramgarh, Gunj, Lahore, Punjab 54000, Pakistan","4153","H99J+5CC, Shop # 7-8 Bazar Stop, Shalimar Link Road, near Ramgarh","4.5"
,,,,,"Broadway Pizza Faisal Town","31.476417","74.3073699","Pizza restaurant","$$","54770","38C Main Rd, Block B Faisal Town, Lahore, Punjab 54770, Pakistan","3882","38C Main Rd","4.5"
"17","0","0","0","0","Pizza 47","31.4138605","74.2227487","Fast food restaurant",,,"C67F+G3X, Block A Sher Shah Colony, Lahore, Punjab, Pakistan","17","C67F+G3X","5"
"2","0","0","0","0","Saucy Burger & Pizza Shop","31.4324","74.2123644","Pizza restaurant",,"53710","B, Block, near Judge Hotel, Nawazish Abad Block B DHA EME Sector, Lahore, Punjab 53710, Pakistan","2","B, Block, near Judge Hotel","5"
"41","15","12","8","3","Popo's pizza Central Park","31.4113224","74.2107207","Fast food restaurant",,,"A Block, Block J plaza# 78 Central Park, Lahore, Punjab, Pakistan","79","A Block","3.9"
"6","0","1","1","0","Usama Burger and Pizza اسامہ برگراینڈپیزا","31.429837","74.3223583","Pizza restaurant",,,"تہایت گاٶں نزد قاٸداعظم انڈسٹریل, Street 1 اسٹیٹ گیٹ نمبر 5, Lahore, Pakistan","8","تہایت گاٶں نزد قاٸداعظم انڈسٹریل, Street 1 اسٹیٹ گیٹ نمبر 5","4.3"
"20","1","0","1","0","Pizza & Poppers","31.4308231","74.3057711","Fast food restaurant",,"54700","Plot 1097, Sector D2 Sector D 2 Block 1 Green Town, Lahore, Punjab 54700, Pakistan","22","Plot 1097","4.9"
"15","0","1","0","0","Pizza 9","31.4352586","74.2147861","Fast food restaurant",,,"57-D, DHA EME Sector, Lahore, Pakistan","16","57-D","4.8"
"1","0","0","0","0","Pizza Cafe Gulshan lahore","31.4242486","74.2524284","Fast food restaurant",,,"C7F2+MXV, Gulshan-E-Lahore Block C Gulshan E Lahore, Lahore, Punjab, Pakistan","1","C7F2+MXV","5"
"4","0","0","0","0","Taste Pizza","31.4011162","74.2688816","Restaurant",,,"131, Block E E block Audit and Accounts Housing Society, Lahore, Punjab, Pakistan","4","131","5"
,,,,,"Pizza World","31.4029543","74.2600746","Fast food restaurant",,"54000","shop no, 7, Block H Valencia, Lahore, Punjab 54000, Pakistan","0","shop no, 7",
"2","0","0","1","0","PIZZA YAAR","31.4130903","74.2500113","Pizza Takeout",,,"Total Parco Fuel Pump, Pine Ave, Valencia, Lahore, Punjab, Pakistan","3","Total Parco Fuel Pump, Pine Ave","4.3"
"11","1","1","2","0","Fresh Inn Pizza & Burger","31.4186254","74.2870888","Restaurant",,,"C79P+FR4, Babar Ln, Block C Military Accounts Chs, Lahore, Punjab, Pakistan","15","C79P+FR4, Babar Ln","4.4"
"32","15","7","10","3","Pizza Planet","31.428146","74.238136","Restaurant",,,"1, Block B Punjab University Employees Housing Scheme Phase-II, Lahore, Punjab, Pakistan","67","1","3.9"
"2","1","0","0","0","Pizza spark","31.4391468","74.2847024","Fast food restaurant",,,"12, Block B1 Block B 1 PGECHS, Lahore, Punjab, Pakistan","3","12","4.7"
"3","1","0","0","0","Crispers Burger and Pizza","31.4391744","74.2105955","Pizza restaurant",,,"219-C Block Market, Block E DHA EME Sector, Lahore, Punjab, Pakistan","4","219-C Block Market","4.8"
"29","4","0","2","3","BYT Pizzeria & Grill","31.4410508","74.2747206","Fast food restaurant",,"54000","396-D3, WAPDA Town Block D 3 Wapda Town Phase 1 Lahore, Punjab 54000, Pakistan","38","396-D3","4.6"
"1","0","0","0","0","Pizza restaurant","31.4205374","74.2839531","Pizza restaurant",,,"C7CM+6H8, Block A Military Accounts Co-operative Housing Society, Lahore, Punjab, Pakistan","1","C7CM+6H8","5"
"3","0","0","0","0","Pizza Polar","31.4307032","74.2113867","Fast food restaurant",,,"C6J6+7GQ, Nawazish Abad Block B DHA EME Sector, Lahore, Punjab, Pakistan","3","C6J6+7GQ","5"
"4","2","0","0","0","Pizza Crowd 7","31.436743","74.2910927","Pizza restaurant",,,"155C1 Nespak Housing Society, College Road, near Ghazi Chowk, Township Phase 1 Lahore, Pakistan","6","155C1 Nespak Housing Society, College Road, near Ghazi Chowk","4.7"
"10","0","0","0","0","Ti-Amo Foods","31.4350272","74.2906103","Pizza restaurant",,"54600","Ahmad Chowk, Township Block 1 Twp Sector C 2 Johar Town, Lahore, Punjab 54600, Pakistan","10","Ahmad Chowk","5"
"155","42","41","24","10","Forks n Knives — DHA Rahbar","31.3910628","74.2596991","Pizza restaurant",,"54000","Main Defence Road, Gate#8, opp. Valencia housing society, Lahore, 54000, Pakistan","272","Main Defence Road, Gate#8, opp. Valencia housing society","4"
"352","125","49","105","37","Pizza n Chicks","31.4218754","74.2813319","Restaurant","$",,"C7CJ+QG4, College Road, Block A Military Accounts Chs, Lahore, Punjab, Pakistan","668","C7CJ+QG4, College Road","4"
"2","0","0","0","0","Pizza Place","31.4398339","74.2733818","Fast food restaurant",,"54600","C7QF+W9J, Wapda Avenue, Block D3 Block D 3 Wapda Town Phase 1 Lahore, Punjab 54600, Pakistan","2","C7QF+W9J, Wapda Avenue","5"
"32","6","3","1","3","Pizza Palace","31.3966513","74.3049266","Pizza restaurant",,"50000","Fahad Center, Street 1, Defence Rd, near Kahna Kacha Flyover, Lahore, 50000, Pakistan","45","Fahad Center, Street 1, Defence Rd, near Kahna Kacha Flyover","4.4"
,,,,,"Shawarma Night Pizza & Fast Food","31.3952933","74.25582","Fast food restaurant",,"54000","SHOP # 9/10 VELANCIA MALL PLAZA, Lahore, 54000, Pakistan","0","SHOP # 9/10 VELANCIA MALL PLAZA",
,,,,,"PIZZA CASTLE branch 2","31.4252202","74.298972","Pizza restaurant",,,"C7GX+3HQ, Bagrian Lahore, Punjab, Pakistan","0","C7GX+3HQ",
,,,,,"Domino Pizza","31.3761875","74.3654375","Pizza restaurant",,,"99G8+F5R, Kahna Nau, Lahore, Punjab, Pakistan","85","99G8+F5R","3.7"
"0","3","0","0","0","Ideal Pizza Place & Fast Food","31.4410631","74.2261202","Fast food restaurant",,,"C6RG+CCH, Agrics Town Lahore, Punjab, Pakistan","3","C6RG+CCH","4"
"5","1","0","0","0","V3 PIZZA","31.424843","74.2494419","Pizza delivery",,"54770","Gulshan e Lahore E, Lahore, 54770, Pakistan","6","Gulshan e Lahore E","4.8"
,,,,,"RED FLAME PIZZA FAST FOOD & BBQ","31.3744771","74.3545342","Pizza restaurant",,,"1 Kahna Kacha Rd, Kahna Nau, Kahna, Lahore, Punjab, Pakistan","8","1 Kahna Kacha Rd","4.8"
,,,,,"Deli Bites","31.3282158","74.3847129","Pizza restaurant",,,"89HM+6VX, Central Park Housing Scheme, Lahore, Punjab, Pakistan","4","89HM+6VX","5"
"6","0","1","0","0","Pizza Channel","31.3987499","74.2911296","Pizza Takeout",,,"shop no 4, 34a1, Engineers Town Main Rd, Block A1 Block A 1 Engineers Town Sector B, Lahore, Punjab, Pakistan","7","shop no 4, 34a1, Engineers Town Main Rd","4.4"
,,,,,"Pizza Hut","31.39734","74.3622219","Pizza restaurant","$$","54600","Lahore – Kasur Rd, next to metro Bus Station Gajjumata, Gajju Matah, Lahore, Punjab 54600, Pakistan","788","Lahore – Kasur Rd, next to metro Bus Station Gajjumata","4"
,,,,,"OSARI FOOD","31.3806064","74.3653015","Pizza restaurant",,,"Rahmat park wali gali, Kahna Nau, Kahna, Lahore, Punjab, Pakistan","2","Rahmat park wali gali","3"
"3","0","1","0","0","Harmain Pizza Bite","31.4111966","74.2225095","Fast food restaurant",,,"Plot 45, Block A Block B Sher Shah Colony, Lahore, Punjab, Pakistan","4","Plot 45","4"
,,,,,"Mooji's Pizza","31.4423829","74.3996571","Pizza restaurant","$",,"F Block Main Blvd, near jalal Sons, Block F State Life Phase 1 State Life, Lahore, Punjab, Pakistan","299","F Block Main Blvd, near jalal Sons","4.8"
,,,,,"Loco Artisan pizza","31.4424651","74.3991717","Pizza restaurant",,,"C9RX+XPW, Housing Society Block F Phase 1 State Life, Lahore, Punjab, Pakistan","0","C9RX+XPW",
,,,,,"Zee Pizza & Fast Food","31.4024715","74.2582221","Fast food restaurant",,,"C725+X7Q, Block H Valencia, Lahore, Punjab, Pakistan","0","C725+X7Q",
,,,,,"RFC Pizza Burger wrapes Nishter Colony","31.4206711","74.3613897","Pizza restaurant",,"05441","Bilal, block, near big masjid, Bilal Block Nishter Colony, Lahore, Punjab 05441, Pakistan","99","Bilal, block, near big masjid","4.9"
"4","2","1","0","0","IDEAL PIZZA PLACE & FAST FOOD","31.4139101","74.2244159","Restaurant",,,"Plot 16, Block A, Block B Lda Avenue Phase 1 Lda Avenue, Lahore, Punjab, Pakistan","7","Plot 16, Block A","4.1"
"16","0","3","0","0","Chase Eat & Chill | Pizza | Burger | Fast Food | Tandoori Chai | UOL | University of Lahore","31.3935215","74.2468606","Restaurant",,"54700","Main Shanu Baba Roundabout, near University, of, Lahore, Punjab 54700, Pakistan","19","Main Shanu Baba Roundabout, near University","4.4"
"6","0","1","0","0","Pizza Cottage","31.4047506","74.2764856","Pizza restaurant",,"54620","Shop 11 B, PHASE 2, Commercial Block B Nasheman-e-Iqbal Phase 2, Lahore, Punjab 54620, Pakistan","7","Shop 11 B, PHASE 2","4.4"
,,,,,"Broadway Pizza Pak-Arab Housing Scheme","31.4327355","74.3541038","Pizza restaurant","$$",,"No.32 at, Commercial Building, Lahore – Kasur Rd, Block A Pak-Arab Housing Scheme, Lahore, Punjab, Pakistan","2936","No.32 at, Commercial Building, Lahore – Kasur Rd","4.7"
"2","0","2","0","0","Mystic Pizza","31.4281201","74.2865634","Fast food restaurant",,"54770","College Rd, Block B PCSIR Staff Colony, Lahore, Punjab 54770, Pakistan","4","College Rd","3"
,,,,,"Pizza da Napoli","31.4514713","74.2896418","Pizza restaurant",,,"F72Q+HVJ UMT Cafe, Road, Block C2 Block C 2 Phase 1 Johar Town, Lahore, Punjab, Pakistan","43","F72Q+HVJ UMT Cafe, Road","5"
"1","0","0","0","0","Mashallah burger point","31.3956877","74.3074747","Pizza restaurant",,,"98W4+7XH, Kana Kacha, Lahore, Punjab, Pakistan","1","98W4+7XH","5"
,,,,,"Pizza HotSpot","31.4938043","74.3735898","Pizza restaurant",,,"Near Street No.3 Super Town, Service Rd, Super Town, Lahore, Punjab, Pakistan","292","Near Street No.3 Super Town, Service Rd","4.3"
,,,,,"Mr pizza","31.3929522","74.243505","Fast food restaurant",,,"753, Block A Dha Rahbar Phase 1 Dha Rahbar, Lahore, Punjab, Pakistan","0","753",
,,,,,"Romeo's pizza","31.4517175","74.3615017","Pizza restaurant",,,"F926+MJR, Shanghai Rd, Sitara Colony, Lahore, Punjab, Pakistan","7","F926+MJR, Shanghai Rd","5"
"33","13","6","3","2","Pizza Junction & Aslam Mart Kitchen - LDA Avenue One","31.4212434","74.2291094","Fast food restaurant",,,"Aslam Mart LDA AVENUE ONE, Raiwind Rd, Land Breez Block B Lda Avenue Phase 1 Lda Avenue, Lahore, Punjab, Pakistan","57","Aslam Mart LDA AVENUE ONE, Raiwind Rd","4.1"
,,,,,"Pizza Online Johar Town","31.4520802","74.2872468","Pizza restaurant","$$","54770","Haakim chowk, PIA Main Boulevard, Block D Phase 1 Johar Town, Lahore, Punjab 54770, Pakistan","7320","Haakim chowk, PIA Main Boulevard","4.4"
"4","2","0","0","0","THE PIZZA BAY","31.4378496","74.2123288","Fast food restaurant",,"54500","555-E-New Commercial Market, Block E DHA EME Sector, Lahore, Punjab 54500, Pakistan","6","555-E-New Commercial Market","4.7"
,,,,,"Moonlight pizza and fries","31.4735461","74.2989833","Pizza restaurant",,,"197 c, BOR Society, Lahore, Pakistan","20","197 c","4.8"
,,,,,"Prof Pizza shief","31.4311985","74.2643582","Restaurant",,,"Wapda town pia D12, Lahore, Pakistan","0","Wapda town pia D12",
,,,,,"Knok Knok Pizza","31.4352922","74.3557412","Pizza restaurant",,"54000","Bank Stop, 17 KM Ferozpur road, opp. Awan Market, Ideal Garden Housing Society Saroba Garden Housing Scoiety, Lahore, Punjab 54000, Pakistan","19","Bank Stop, 17 KM Ferozpur road, opp. Awan Market","4.6"
,,,,,"Spicy World","30.9799571","74.3728971","Pizza restaurant",,,"X9HF+X52, Khudian Khas, Kasur, Punjab, Pakistan","0","X9HF+X52",
,,,,,"AFC FOOD'S Pizza","31.2666485","74.2323279","Pizza restaurant",,"55150","Raiwind, Lahore, Punjab 55150, Pakistan","1",,"5"
,,,,,"Pizza Portal Kasur","31.1163129","74.4443363","Fast food restaurant",,"55050","Railway Phatak, Railway Rd, near Miniso Store, Kasur, Punjab 55050, Pakistan","86","Railway Phatak, Railway Rd, near Miniso Store","4"
"3","0","0","0","0","Ravi Pizza Club and BBQ","31.4409886","74.2256266","Fast food restaurant",,,"C6RG+97R, Agrics Town Lahore, Punjab, Pakistan","3","C6RG+97R","5"
"1","0","0","0","0","Real Taste Pizza & Fast Food","31.4364318","74.3018628","Fast food restaurant",,,"C8P2+HP8 Azmat Chowk Bus Stop, Township Block 3 Twp Sector C 2 Lahore, Punjab, Pakistan","1","C8P2+HP8 Azmat Chowk Bus Stop","5"
,,,,,"BM Pizza Cheese","31.4307639","74.3084714","Restaurant",,"54700","House# 1020, 5, Sector D2 D-2 Lahore, Punjab 54700, Pakistan","0","House# 1020, 5",
"15","1","2","0","1","D Chaska pizza","31.3557625","74.3717344","Fast food restaurant",,,"994C+8M5, Old Kahna, Lahore, Punjab, Pakistan","19","994C+8M5","4.4"
"4","0","1","0","0","Smoky shawarma Burger and Pizza","31.4142914","74.2548311","Fast food restaurant",,,"Plot C 24, C773+QQR, 1 Valencia Main Blvd, Block A Valencia, Lahore, Punjab, Pakistan","5","Plot C 24, C773+QQR, 1 Valencia Main Blvd","4.2"
"15","0","1","1","0","Pizza & Burger Studio","31.364202","74.3675306","Restaurant",,,"near Imam bargh, Kahna Nau, Lahore, Punjab, Pakistan","17","near Imam bargh","4.6"
"46","17","10","13","7","Italian Pizza","31.3739237","74.3655697","Restaurant","$$",,"99F8+H68, Kahna Nau, Kahna, Lahore, Punjab, Pakistan","93","99F8+H68","3.9"
,,,,,"M&M Pizza","31.4316544","74.2896829","Fast food restaurant",,"53480","Ameer Chowk, College Road, Block B PCSIR Staff Colony, Lahore, Punjab 53480, Pakistan","0","Ameer Chowk, College Road",
"14","3","9","3","2","Pizza Saucy","31.3712625","74.3653281","Fast food restaurant",,,"near Indus Hospital, opposite Chakla, Kahna Nau, Kahna, Lahore, Punjab, Pakistan","31","near Indus Hospital, opposite Chakla","3.4"
"123","40","37","30","12","Melts in Oven","31.4047955","74.2868435","Italian restaurant",,"54000","173c3, Engineers Town, Lahore, 54000, Pakistan","242","173c3","3.8"
"5","0","0","5","0","ZEST PIZZA & FAST FOOD","31.3431246","74.377122","Fast food restaurant",,,"89VG+7V2, Block A Elite Town, Lahore, Punjab, Pakistan","10","89VG+7V2","4"
"4","0","0","0","0","Cafe Premio","31.4141709","74.2218189","Pizza restaurant",,"54000","Shah, Rooftop Mehar Markwt, Talib Ganj Chowk, Sher, off Raiwind Road, Sher Shah Colony, Lahore, 54000, Pakistan","4","Shah, Rooftop Mehar Markwt, Talib Ganj Chowk, Sher, off Raiwind Road","5"
"22","4","3","1","0","SBF(Sohail bhai Fast Food) pizza, chicken burger, zinger burger ,zinger shawarma and all fast food items","31.3510625","74.3743125","Restaurant",,,"Old Kahna, Lahore, Punjab, Pakistan","30",,"4.4"
"26","0","1","1","0","Piccante (The Cloud Kitchen)","31.4056311","74.2533795","Pizza restaurant",,,"Valencia Society Block E 1 Valencia, Lahore, Punjab, Pakistan","28",,"4.8"
"13","3","0","0","0","My Shout Bistro","31.3952861","74.20835","Pizza restaurant",,,"96W5+489, Dream Gardens Lahore, Punjab, Pakistan","16","96W5+489","4.8"
"9","0","0","0","0","AZ Delicious 😋 pizza 🍕 burger 🍔 wrap 🌯 fries 🍟","31.3545113","74.3725313","Restaurant",,,"993F+R23, Old Kahna, Lahore, Punjab, Pakistan","9","993F+R23","5"
"17","3","0","2","1","New AL-BASHA Fast Food & Pizza","31.3718125","74.3651875","Fast food restaurant",,"53100","Lahore – Kasur Rd, near Talib Pharmacy, Kahna Nau, Kahna, Lahore, Punjab 53100, Pakistan","23","Lahore – Kasur Rd, near Talib Pharmacy","4.6"
"51","17","8","8","2","Charcoal Pizza","31.4210484","74.2812092","Fast food restaurant",,"54000","Military and accounts society, Zaheer Avenue, College Road, Block A Eden Chowk, Lahore, Punjab 54000, Pakistan","86","Military and accounts society, Zaheer Avenue, College Road","4.2"
"20","1","7","0","1","Pizza Nosh","31.3968699","74.2558696","Pizza restaurant",,,"C 7, Block H1 Block H 1 Valencia, Lahore, Punjab, Pakistan","29","C 7","3.9"
"57","2","0","0","2","CRUST","31.3274303","74.3803956","Restaurant",,"54000","Park, 218 Commercial hospital road, Central, Lahore, Punjab 54000, Pakistan","61","Park, 218 Commercial hospital road","4.9"
"399","52","28","22","9","Juicy Chuck Defense Road DHA Rahbar","31.3923529","74.254193","Fast food restaurant",,"54810","gate Defence Rd, opposite dha Rahbar, adjacent to Yasir broast, Block P 1 Valencia, Lahore, Punjab 54810, Pakistan","510","gate Defence Rd, opposite dha Rahbar, adjacent to Yasir broast","4.5"
"1","0","0","0","0","Saltish pizza and fast food restaurants","31.3756633","74.3645188","Fast food restaurant",,"53400","Ptcl, Main Ferozepur Road near ptcl exchange Kahna nou, exchange, Lahore, 53400, Pakistan","1","Ptcl, Main Ferozepur Road near ptcl exchange Kahna nou","5"
"274","77","9","27","1","Flavor Grill Restaurant :Serving the best ,BBQ, Pakistani Gravy, Chinese food, Fast Food & Pizza in Valencia town lahore.","31.3952273","74.25924","Restaurant","$$","54000","1-K/Commercial, Valencia, Lahore, 54000, Pakistan","388","1-K/Commercial","4.6"
"1","1","1","0","0","Pizza Sacuy","31.3712434","74.3653846","Fast food restaurant",,"53100","Lahore – Kasur Rd, Kahna Nau, Lahore, Punjab 53100, Pakistan","3","Lahore – Kasur Rd","3.3"
"13","1","0","1","1","Flavour Junction","31.4028587","74.2579949","Restaurant",,,"A-2/17 , H-Commercial, Lahore, Pakistan","16","A-2/17 , H-Commercial","4.6"
"17","5","2","0","0","Bait Ul Pizza","31.3301384","74.3804255","Fast food restaurant",,"54500","C2, Palm City Housing Society, Ferozepur Road, Kahna, Lahore, 54500, Pakistan","24","C2, Palm City Housing Society, Ferozepur Road, Kahna","4.5"
"15","1","0","0","0","5B Foodies.","31.4141335","74.2222369","Fast food restaurant",,"05499","Main Talib Ganj Chowk, Raiwind Rd, Sher Shah Colony, Lahore, 05499, Pakistan","16","Main Talib Ganj Chowk, Raiwind Rd","4.9"
"25","6","1","2","0","BURGERITA","31.4002278","74.2708695","Pizza restaurant",,,"12 B, Audit & Account, Commercial Plaza, Block B Audit and Accounts Housing Society, Lahore, Punjab, Pakistan","34","12 B, Audit & Account, Commercial Plaza","4.6"
,,,,,"Mooji,s Pizza","31.3767533","74.3644055","Fast food restaurant",,,"ptcl exchange, Shalimar Town Rd, Kahna Nau, Kahna, Lahore, Punjab, Pakistan","0","ptcl exchange, Shalimar Town Rd",
"12","1","3","0","1","Yum Pum Family","31.4312101","74.2118411","Fast food restaurant",,"52700","Jamiah Masjid Gulzar e madinah, Nawazish Abad Block B DHA EME Sector, Lahore, Punjab 52700, Pakistan","17","Jamiah Masjid Gulzar e madinah","4.1"
"20","2","3","0","0","Mann Chaha","31.3950705","74.2557758","Fast food restaurant",,,"G-25,26, Block K1 Block K 1 Valencia, Lahore, Punjab, Pakistan","25","G-25,26","4.4"
,,,,,"Chaudhry Pizza House & Fast Food","31.3788536","74.3681544","Fast food restaurant",,"53100","99H9+G7P, Ahlu Rd, Kahna Nau, Kahna, Lahore, Punjab 53100, Pakistan","0","99H9+G7P, Ahlu Rd",
"29","8","4","5","0","NICE FAST FOOD AND","31.3589126","74.3703305","Fast food restaurant",,"22100","1, Old Kahna, Lahore, Punjab 22100, Pakistan","46","1","4.3"
"8","0","1","0","0","SPICE 'N' SLICE Restaurant","31.3588287","74.3703083","Restaurant",,,"Service Road, 5 Number Stop Old Kahna, Ferozpur Road, Lahore, Pakistan","9","Service Road, 5 Number Stop Old Kahna, Ferozpur Road","4.6"
"17","2","0","1","1","Student Burgers Point","31.3649333","74.3709992","Fast food restaurant",,,"997C+W9W, Shahzada Rd, Kahna Nau, Kahna, Lahore, Punjab, Pakistan","21","997C+W9W, Shahzada Rd","4.7"
,,,,,"MM pizza hut","31.5857719","74.4985277","Pizza restaurant",,,"HFPX+4M6, Khaira, Lahore, Punjab, Pakistan","15","HFPX+4M6","4.7"
,,,,,"Italian Pizza","31.5856079","74.4985783","Italian restaurant",,,"HFPX+4M6, Khaira Lahore, Punjab, Pakistan","1","HFPX+4M6","5"
,,,,,"Pizza.pk","31.5744089","74.4376878","Pizza restaurant",,,"HCFQ+Q3H, Canal Rd, Harbanspura, Lahore, Punjab, Pakistan","23","HCFQ+Q3H, Canal Rd","3.9"
,,,,,"Broadway Pizza - Zarrar Shaheed","31.5445442","74.4216061","Pizza restaurant","$$",,"15-C Zarrar Shaheed Rd, Block C Guldasht Town, Lahore, Punjab, Pakistan","1520","15-C Zarrar Shaheed Rd","4.6"
,,,,,"The Pizza Company","31.4584039","74.3746664","Pizza restaurant",,,"D، 7/6 Commercial Area, Block D Punjab CHS, Lahore, Punjab, Pakistan","587","D، 7/6 Commercial Area","4.1"
,,,,,"Pizza Delight","31.5897019","74.2124068","Pizza Takeout",,"54000","Al jalil Garden, police choki, Near Faizpurinterchnge, near kot noor shah, Lahore, 54000, Pakistan","186","Al jalil Garden, police choki, Near Faizpurinterchnge, near kot noor shah","4.4"
,,,,,"The Pizza Shop","31.5657686","74.3809853","Pizza restaurant",,"54840","137 Shalimar Link Road, opposite PSO Pump, Gunj Bazar Mughalpura, Lahore, Punjab 54840, Pakistan","45","137 Shalimar Link Road, opposite PSO Pump","4.5"
,,,,,"M Pizzeria","31.54068","74.376923","Pizza restaurant",,"54000","Sarwar Rd, Cantonment Board Staff Colony, Lahore, Punjab 54000, Pakistan","124","Sarwar Rd","4.8"
,,,,,"4S Pizza","31.4819793","74.3623704","Pizza restaurant",,,"F9J6+RX6, Road, Pir Colony, Lahore, Punjab, Pakistan","64","F9J6+RX6, Road","3.9"
,,,,,"Hot & Spicy Pizza","31.5646875","74.4265625","Pizza restaurant",,,"HC7G+VJH, Tajpura, Lahore, Punjab, Pakistan","5","HC7G+VJH","4"
,,,,,"Pizza world","31.5554762","74.367828","Restaurant",,,"Ansari roed, Street Number 22, Gulistan Colony Mustafabad, Lahore, Pakistan","178","Ansari roed, Street Number 22","4.1"
,,,,,"Good pizza","31.4823567","74.3627144","Restaurant",,,"F9J7+W3W, Service Rd, Pir Colony, Lahore, Punjab, Pakistan","20","F9J7+W3W, Service Rd","4.5"
"21","5","1","1","1","Lala's Food Corner","31.3510855","74.374301","Restaurant",,"53100","992F+CPV, Old Kahna, Lahore, Punjab 53100, Pakistan","29","992F+CPV","4.5"
"48","14","8","8","2","Sonu Bhai Fast Food","31.3752524","74.3644171","Fast food restaurant",,,"23km, telephone exchange, main Lahore – Kasur Rd, Kahna Nau, Kahna, Lahore, Punjab, Pakistan","80","23km, telephone exchange, main Lahore – Kasur Rd","4.2"
"23","2","3","2","0","Tahir Fast Food","31.3575249","74.3786717","Fast food restaurant",,,"995H+2F3, Immad Garden Housing Scheme, Kahna, Lahore, Punjab, Pakistan","30","995H+2F3","4.4"
"4","0","0","0","0","ZAIQA FOOD's","31.357999","74.3796032","Fast food restaurant",,,"995H+5QH, Kahna Purana, Lahore, Punjab, Pakistan","4","995H+5QH","5"
"66","22","18","9","5","Uzbek Mughal Burger - UMB","31.3815681","74.3636746","Fast food restaurant",,,"99J7+JFF, Kahna Nau, Kahna, Lahore, Punjab, Pakistan","120","99J7+JFF","3.9"
"29","4","5","8","2","Chand Bhai Fast food","31.3659142","74.3666747","Fast food restaurant",,,"9988+9M7, Kahna Nau, Kahna, Lahore, Punjab, Pakistan","48","9988+9M7","4"
"1","0","0","0","0","Sub Kuch","31.3528246","74.3761082","Restaurant",,"53100","Flat D, 2nd Floor 14-A Central Park Housing Society, Lahore – Kasur Rd, Old Kahna, Lahore, Punjab 53100, Pakistan","1","Flat D, 2nd Floor 14-A Central Park Housing Society, Lahore – Kasur Rd","5"
"3","0","1","0","0","Haider Burger And Shawarma Point","31.3553429","74.3724736","Fast food restaurant",,,"994C+4XQ, Chotta Suwa Main, Lahore – Kasur Rd, Kahna Nau, Lahore, Pakistan","4","994C+4XQ, Chotta Suwa Main, Lahore – Kasur Rd","4"
"2107","498","89","139","37","Spice Arena","31.3330973","74.3822641","Family restaurant",,"54000","28 km main, Lahore – Kasur Rd, near Palmcity, Lahore, 54000, Pakistan","2870","28 km main, Lahore – Kasur Rd, near Palmcity","4.6"
"92","38","11","26","13","Ameer & Son's Bakery","31.3274625","74.3804531","Bakery",,,"89GJ+X5P, Block A Central Park Housing Scheme, Lahore, Punjab, Pakistan","180","89GJ+X5P","4"
"6","2","3","2","0","Gourmet Foods","31.3280207","74.3840296","Bakery","$$",,"A Block, Central Park, Lahore – Kasur Rd, Central Park Housing Scheme, Lahore, Punjab, Pakistan","13","A Block, Central Park, Lahore – Kasur Rd","3.6"
"264","81","14","44","18","Saher's Kitchenette","31.3275127","74.379667","Cafe",,"53100","226-A Commercial Ferozepur Rd, Central Park Housing Scheme, Lahore, Punjab 53100, Pakistan","421","226-A Commercial Ferozepur Rd","4.3"
"73","11","8","14","2","Haddi Pizza Chicks","31.577001","74.4930906","Restaurant",,,"HFGV+R64, Jallo Rd, Jallo Village Lahore, Punjab, Pakistan","108","HFGV+R64, Jallo Rd","4.3"
"0","1","1","0","1","Main Street Cafe And Restaurant","31.3274625","74.3809792","Soup kitchen",,,"89GJ+W9R, Central Park Housing Scheme, Lahore, Punjab, Pakistan","3","89GJ+W9R","2.3"
"1","0","1","0","0","W pizza and fast food","31.5958358","74.4814697","Restaurant",,"52000","71 AB Commercial bismillah housing scheme manawan, Commercial Bata Pur, Lahore, 52000, Pakistan","2","71 AB Commercial bismillah housing scheme manawan","3"
"14","2","1","0","0","Pizza House","31.5832448","74.4816912","Fast food restaurant",,,"HFMJ+7MW Lahore medical, near skyland pull, housing scheme phase 3 Manawan, Lahore, Punjab, Pakistan","17","HFMJ+7MW Lahore medical, near skyland pull","4.6"
"79","28","13","14","10","Gourmet bakers","31.3736809","74.3655981","Bakery","$$",,"99F8+F6H, Service Road, Kahna Nau, Kahna, Lahore, Punjab, Pakistan","144","99F8+F6H, Service Road","4"
"89","49","22","24","7","Cock 'N' Bull Mughalpura","31.5961231","74.481084","Restaurant",,"54840","Shalimar Link Road, near Gunj Bazar, Attoke Awan, Lahore, Punjab 54840, Pakistan","191","Shalimar Link Road, near Gunj Bazar","3.9"
"176","50","16","25","11","Nice Bakers & Sweet","31.3590613","74.3701959","Bakery","$$",,"995C+J3G, Service Road, Old Kahna, Kahna Purana, Lahore, Punjab, Pakistan","278","995C+J3G, Service Road","4.3"
"208","69","17","41","8","Bundu Khan","31.3754905","74.3653626","Bakery","$$",,"99G8+54X, Kahna Nau, Kahna, Lahore, Punjab, Pakistan","343","99G8+54X","4.3"
"219","63","22","62","21","BRB Family Restaurant & Fast Food","31.596204","74.4971356","Restaurant",,,"HFWW+FVJ, Jallo More Lahore, Punjab, Pakistan","387","HFWW+FVJ","4.1"
"3","0","2","0","1","Premium Butt Sweets And Bakers Kahna Nau Lahore","31.373797","74.3655496","Bakery",,,"99F8+G6M, Lahore – Kasur Rd, Kahna Nau, Lahore, Punjab, Pakistan","6","99F8+G6M, Lahore – Kasur Rd","3.2"
"723","276","123","149","58","Khan Burger Family Restaurant Branch no 2","31.5811875","74.4768125","Family restaurant","$$","45000","Al-Rehman Garden Phase 4 Phase 4 Al Rehman Garden, Lahore, Punjab 45000, Pakistan","1329",,"4.1"
"4","1","0","2","0","GFC - Grand Family Cafe","31.3373616","74.3901249","Cafe",,,"47 - B Grand Avenue, Lahore, Punjab, Pakistan","7","47 - B Grand Avenue","4.3"
"32","0","2","3","1","Let's Ketchup","31.6051801","74.4798711","Fast food restaurant",,"05499","Shop no 6, Javeed Iqbal Rd, Fahad Town Bismillah housing scheme, Lahore, Punjab 05499, Pakistan","38","Shop no 6, Javeed Iqbal Rd","4.6"
"4","0","0","0","0","Waffles4u","31.3818383","74.3643472","Ice cream shop",,,"Outside paradise apartments, near Toyota motors, Kahna Nau, Kahna, Lahore, Punjab, Pakistan","4","Outside paradise apartments, near Toyota motors","5"
"64","17","9","12","5","L.F.C ( Lucky Fried Chicken) Branch 2","31.6041125","74.4849504","Fast food restaurant",,,"JF3M+PRW, Bismillah Housing Scheme Phase 1 Attoke Awan, Lahore, Punjab, Pakistan","107","JF3M+PRW","4.1"
"89","21","12","12","3","Fresho Fast Food","31.5952845","74.4818097","Restaurant",,"54000","Grand trunk road, gate no 2, bismillah housing scheme Attoke Awan, Lahore, Punjab 54000, Pakistan","137","Grand trunk road, gate no 2","4.3"
"15","3","0","4","1","LFC","31.595235","74.4863045","Restaurant",,,"HFWP+3GV, Service Road, Rampura, Lahore, Punjab, Pakistan","23","HFWP+3GV, Service Road","4.4"
"22","7","5","1","1","Butt Karahi","31.5958991","74.4879571","Restaurant",,"53400","Bank Stop Brothers Mobile, Main GT Rd, Manawan, Lahore, Punjab 53400, Pakistan","36","Bank Stop Brothers Mobile, Main GT Rd","4.1"
"106","31","19","25","9","Daddy Waddy","31.6071937","74.4807202","Family restaurant",,,"Daddy Waddy, D Chowk, Block B, near LITSO Cash and Carry, Bismillah Housing Scheme Phase 1 Lahore, Punjab, Pakistan","190","Daddy Waddy, D Chowk, Block B, near LITSO Cash and Carry","4"
"15","4","3","2","1","Kings Food","31.6002006","74.4821133","Fast food restaurant",,,"JF2J+3RQ, Unnamed Road, Attoke Awan, Lahore, Punjab, Pakistan","25","JF2J+3RQ, Unnamed Road","4.1"
"7","3","0","3","1","Hadi Burger and Shwarma","31.5945578","74.480402","Fast food restaurant",,,"HFVJ+R5C, Service Road, Manawan, Lahore, Punjab, Pakistan","14","HFVJ+R5C, Service Road","4.1"
"42","6","13","6","5","Mashallah Fast Food & Juice Corner","31.5962386","74.4961101","Fast food restaurant",,,"Jallo More Bata Pur, Lahore, Punjab, Pakistan","72",,"3.8"
"1","0","0","0","0","Pakeeza fast food","31.5899405","74.5010849","Fast food restaurant",,,"Jallo More Lahore, Punjab, Pakistan","1",,"5"
"72","32","9","24","5","Butt Sweets & Bakers, Batapur Branch, Lahore","31.5959469","74.4882646","Bakery",,"53400","Bank Stop Brothers Mobile, Main GT Rd, Manawan, Lahore, Punjab 53400, Pakistan","142","Bank Stop Brothers Mobile, Main GT Rd","4.1"
"2","0","1","0","0","HD pizza and fast food","31.5863154","74.4819661","Fast food restaurant",,,"HFPJ+GQG, Muhammad Qasim Rd, Manawan, Lahore, Punjab, Pakistan","3","HFPJ+GQG, Muhammad Qasim Rd","3.7"
,,,,,"Caprinos Pizza Johar Town","31.4697182","74.2735687","Pizza restaurant",,"35400","Chowk, Block M4 Abdul Haque Rd, near Khokhar, Block M Phase 2 Johar Town, Lahore, Punjab 35400, Pakistan","360","Chowk, Block M4 Abdul Haque Rd, near Khokhar","4.5"
,,,,,"Pizza Place","31.2539799","74.2232855","Restaurant",,"55150","763F+H8V, Abdulla Jee Rd, Raiwind, Kasur, Punjab 55150, Pakistan","73","763F+H8V, Abdulla Jee Rd","4.1"
,,,,,"Papa Johns Pizza","31.4673596","74.2659832","Pizza restaurant","$$","54782","Shop 212, Emporium Mall, Food Court, Emporium Mall, Trade Centre Commercial Area Phase 2 Johar Town, Lahore, Punjab 54782, Pakistan","569","Shop 212, Emporium Mall, Food Court, Emporium Mall","4.8"
"1","0","0","0","0","Karmanwala Printers","31.3731259","74.3617123","Packaging supply store",,"53100","5 No. Stop Kahna, Nau, Lahore, 53100, Pakistan","1","5 No. Stop Kahna","5"
"207","63","38","45","19","Broaster","31.3663323","74.366442","Restaurant",,"53100","9988+GHP, Service Road, Kahna Nau, Kahna, Lahore, Punjab 53100, Pakistan","372","9988+GHP, Service Road","4"
,,,,,"Saif pizza Fast food","31.5816355","74.4819359","Fast food restaurant",,"53480","sky land chowk, Jallo Park Access Rd, Phase 4 Al Rehman Garden, Jallo, Lahore, Punjab 53480, Pakistan","0","sky land chowk, Jallo Park Access Rd",
"7","6","3","0","0","Cock 'N' Bull (BM Housing Branch)","31.5960407","74.4810958","Fast food restaurant",,,"HFWJ+9FR, Plot # 98 Grand Trunk Rd, near Manawa, B-A Bismillah Housing Scheme, Lahore, Punjab, Pakistan","16","HFWJ+9FR, Plot # 98 Grand Trunk Rd, near Manawa","3.9"
"6","2","1","1","0","Cafeteria Ghurki Hospital","31.5904617","74.5019613","Cafeteria",,,"HGR2+5QP, Jallo More Lahore, Punjab, Pakistan","10","HGR2+5QP","4.2"
"4","0","0","0","0","Cafe 101","31.5844672","74.4878425","Food court",,,"HFMQ+Q4P, Canal Rd, Rampura, Lahore, Punjab, Pakistan","4","HFMQ+Q4P, Canal Rd","5"
,,,,,"AFC FOOD'S PIZZA","31.2448759","74.213717","Pizza restaurant",,,"66V7+XF4, Raiwind, Kasur, Punjab, Pakistan","0","66V7+XF4",
"134","61","20","48","17","Gourmet Foods","31.5970468","74.4988992","Bakery","$$",,"HFWX+RH6, Dograe Kalan Lahore, Punjab, Pakistan","280","HFWX+RH6","4"
"30","10","2","12","3","Kamran Sweets & Bakers","31.5767299","74.4906373","Bakery","$",,"Jallo Rd, Jallo Village Jallo, Lahore, Punjab, Pakistan","57","Jallo Rd","4.1"
"4","1","3","0","0","Frichicks jallo branch","31.5798133","74.4826431","Restaurant",,"53401","Jallo Park Access Rd, Al-Rehman Garden Phase 4 Phase 4 Al Rehman Garden, Lahore, Punjab 53401, Pakistan","8","Jallo Park Access Rd","3.4"
,,,,,"The Rahat Pizza Hut","31.1319693","74.4494405","Pizza restaurant",,,"Main Qadirabad chowk, Kasur, Pakistan","92","Main Qadirabad chowk","3.9"
,,,,,"K&Q Pizza Parlour","31.1221199","74.450357","Restaurant",,,"4FC2+R4X, M.A Jinah Rd, Kasur, Punjab, Pakistan","252","4FC2+R4X, M.A Jinah Rd","4.3"
,,,,,"MASTER PIZZA","31.1202019","74.4475219","Pizza delivery",,,"4CCX+32J, Railway Rd, Kasur, Punjab, Pakistan","1","4CCX+32J, Railway Rd","3"
,,,,,"Texas Pizza","31.7969946","74.2550895","Pizza restaurant",,"39000","GT Rd, opposite side of Meezan bank Muridke Branch, Muridke, Sheikhupura, Punjab 39000, Pakistan","12","GT Rd, opposite side of Meezan bank Muridke Branch","4.5"
,,,,,"Deno's Pizza Kasur","31.1173021","74.4438286","Pizza restaurant",,"55050","Qadreee plaza, near Railway station, Kasur, Punjab 55050, Pakistan","2","Qadreee plaza, near Railway station","3.5"
,,,,,"Pizza Town kasur","31.1322267","74.4533966","Pizza Takeout",,"55050","Bhatta, Bhatta goria wala, Chowk, Kasur, 55050, Pakistan","24","Bhatta, Bhatta goria wala, Chowk","4"
,,,,,"Chicken Bucket","31.6010048","74.3355893","Pizza restaurant",,,"Shop no 132 A, Shad Bagh, Lahore, Punjab, Pakistan","3","Shop no 132 A","5"
,,,,,"Pizza hub","31.1162763","74.4443855","Fast food restaurant",,,"4C8V+GQ6, Kasur, Punjab, Pakistan","73","4C8V+GQ6","4"
,,,,,"Pizza King kasur","31.1195904","74.4535438","Fast food restaurant",,,"Baldia Chowk, Tariq Colony Kasur, Punjab, Pakistan","30","Baldia Chowk","4.4"
,,,,,"GARDEN CAFE","31.1184366","74.4651486","Pizza restaurant",,"55030","Near new bus stand kasur road, Mean road, Kasur, 55030, Pakistan","0","Near new bus stand kasur road, Mean road",
,,,,,"Pizza Domenoz Hut","31.1313801","74.4445429","Pizza restaurant",,,"Khara Rd, near Allama Iqbal School, Pakiza Colony, Kasur, Punjab, Pakistan","13","Khara Rd, near Allama Iqbal School","4.3"
,,,,,"Pizza mountain","31.3651622","74.2362993","Pizza restaurant",,,"986+Fcx, Plot-Lahore Adda Plot Ring Road, near Stop N Shop-Add, Block K Fazaia Housing Society, Pakistan","4","986+Fcx, Plot-Lahore Adda Plot Ring Road, near Stop N Shop-Add","3.5"
,,,,,"Saltish Pizza","31.4386087","74.3599675","Pizza restaurant",,,"C9Q5+CXW, Aashiana Road, Bank Stop, Lahore, Pakistan","61","C9Q5+CXW, Aashiana Road, Bank Stop","3.9"
,,,,,"Red pepper","31.4377697","74.3632902","Pizza restaurant",,,"C9Q7+525, Gulshan Yaseen Colony, Lahore, Punjab, Pakistan","23","C9Q7+525","3.5"
,,,,,"Flame'O Food","31.4328762","74.3534198","Pizza restaurant",,"54800","40-A ROOFTOP, Pak-Arab Housing Scheme, Lahore, 54800, Pakistan","56","40-A ROOFTOP","4.2"
,,,,,"Red Pepper","31.4215945","74.363665","Pizza restaurant",,,"C9C7+JFM, Lahore – Kasur Rd, Nishter Colony, Lahore, Punjab, Pakistan","4","C9C7+JFM, Lahore – Kasur Rd","5"
,,,,,"Flamy tandoori pizza","31.3255483","74.2911946","Pizza restaurant",,,"87GR+6F8, Kot Araian - Jia Bagga Rd, Jia Bagga, Kot Araian, Lahore, Punjab, Pakistan","1","87GR+6F8, Kot Araian - Jia Bagga Rd","1"
,,,,,"The Pie Express","31.3336429","74.2797973","Pizza restaurant",,,"Park avenue, main boulevard, Are, Lahore, Punjab, Pakistan","17","Park avenue, main boulevard","4.7"
,,,,,"Chicken & Pizza hut","30.9734908","73.9724877","Restaurant",,,"XXFC+9XX, Chunian, Kasur, Punjab, Pakistan","121","XXFC+9XX","4"
,,,,,"Royal F3 Tandori Pizza","30.8750019","74.0521517","Pizza restaurant",,,"Depalpur Rd, opposite Allied Bank Ellah abad, Allah Abad, Kasur, Punjab, Pakistan","1","Depalpur Rd, opposite Allied Bank Ellah abad","5"
"551","118","54","78","20","Pizza That's it","31.4287865","74.3573969","Restaurant",,"54600","Lahore – Kasur Rd, near Attari Darbar Road, opposite Pak Arab Housing Society, Sufiabad, Lahore, Punjab 54600, Pakistan","821","Lahore – Kasur Rd, near Attari Darbar Road, opposite Pak Arab Housing Society","4.3"
"14","2","1","0","0","Bismillah pizza house","31.4418486","74.3616357","Fast food restaurant",,"54600","Bank Stop, Malik Chowk, Ferozepur Rd, Gulshan Yaseen Colony, Lahore, Punjab 54600, Pakistan","17","Bank Stop, Malik Chowk, Ferozepur Rd","4.6"
,,,,,"chicken & pizza hut changa manga road near pasban FILLING STATION chunian city","31.0737082","73.9884897","Restaurant",,"55220","3XFQ+F9Q, Changa Manga Rd, Chunian, Kasur, Punjab 55220, Pakistan","3","3XFQ+F9Q, Changa Manga Rd","4.3"
,,,,,"Pizza Junction - Bahria Orchard","31.3213827","74.227753","Pizza restaurant","$$","53720","Northern District Bahria Orchard, Lahore, Punjab 53720, Pakistan","615",,"4.2"
"95","11","6","5","2","Chick'n Cheese","31.3821143","74.2757852","Restaurant",,"54792","J-Block Food Court Area, Gate, 4 Defence Rd, Sector 2 Dha Rahbar, Lahore, 54792, Pakistan","119","J-Block Food Court Area, Gate, 4 Defence Rd","4.6"
,,,,,"Best pizza raiwind road Lahore","31.3766776","74.2301213","Restaurant",,,"96GJ+M2H, Raiwind Rd, Chamru Pur Chamrupur, Lahore, Punjab, Pakistan","11","96GJ+M2H, Raiwind Rd","4.1"
,,,,,"Stylish Pizza","31.355541","74.330845","Restaurant",,,"984J+68, Lahore, Punjab, Pakistan","0","984J+68",
,,,,,"JfC(pizza Hot)","31.425177","74.3736988","Fast food restaurant",,,"C9GF+3FG, Atta Bakhsh Rd, near awan marriage Hall, Sufiabad Mubarak Town, Lahore, Punjab, Pakistan","0","C9GF+3FG, Atta Bakhsh Rd, near awan marriage Hall",
"4","1","0","1","0","Student pizza","31.4086649","74.3596481","Restaurant",,"46000","Merto stup, Anum Rd, Dullu Khurd, Lahore, Punjab 46000, Pakistan","6","Merto stup, Anum Rd","4.5"
"2","0","0","0","0","KBS Pizza Planet","31.4377674","74.3681943","Fast food restaurant",,,"C9Q9+474, Haji Ilyas St, Gulshan Yaseen Colony, Lahore, Punjab, Pakistan","2","C9Q9+474, Haji Ilyas St","5"
"17","3","1","3","1","The Foodies Hub","31.3627319","74.2738088","Fast food restaurant",,,"977F+3GV, Block N Khayaban E Ameen, Lahore, Punjab, Pakistan","25","977F+3GV","4.4"
"20","0","0","0","0","Olive & Oak Restaurant","31.3341101","74.3822497","Restaurant",,"54000","Main Lahore – Kasur Rd, adjacent to Spice Arena, Lahore, Punjab 54000, Pakistan","20","Main Lahore – Kasur Rd, adjacent to Spice Arena","5"
"15","0","2","0","0","KNOSH FOODS","31.3292255","74.2922974","Fast food restaurant",,"54782","Jia Bagga, Lahore, Punjab 54782, Pakistan","17",,"4.5"
"2","0","0","0","0","BFC Pizza","31.4371011","74.3658547","Fast food restaurant",,,"C9P8+R8X, Aashiana Road, Gulshan Yaseen Colony, Lahore, Punjab, Pakistan","2","C9P8+R8X, Aashiana Road","5"
"36","9","17","9","5","94 Grill & Pizza","31.424176","74.3501194","Fast food restaurant",,"54000","Shadab Colony Rd, near nashter stop, Sherwani Town Housing Scheme, Lahore, Punjab 54000, Pakistan","76","Shadab Colony Rd, near nashter stop","3.6"
"8","0","0","1","0","Delicious Pizza Bedian ROAD LIDHER VILLAGE OPPOSITE BAO GEE MILK SHOP","31.4387569","74.368713","Restaurant",,,"BANK STOP, opposite BAO gee Milk Shop Old, Lidher, Lahore, Punjab, Pakistan","9","BANK STOP, opposite BAO gee Milk Shop Old","4.8"
"5","0","0","0","0","Hunny bunny food chain","31.422519","74.36394","Pizza restaurant",,"05441","1772 block, ahsan block, Nishter Colony, Lahore, Punjab 05441, Pakistan","5","1772 block, ahsan block","5"
"28","5","3","1","0","Al Habiby Restaurant","31.4204425","74.3446919","Pizza restaurant",,,"Al Habiby Near C Block Shadab Colony, Lahore – Kasur Rd, Lahore, Pakistan","37","Al Habiby Near C Block Shadab Colony, Lahore – Kasur Rd","4.5"
"11","0","0","0","0","M&M Pizzeria & Fast Food","31.3944966","74.3127059","Fast food restaurant",,"54000","Royal Residencia, Lahore, Punjab 54000, Pakistan","11",,"5"
"6","0","0","0","0","Tasty Pizza Dots","31.3877265","74.3623349","Fast food restaurant",,,"LDA roundabout Lahore – Kasur Rd, Gajju Matah, Lahore, Punjab, Pakistan","6","LDA roundabout Lahore – Kasur Rd","5"
"2","0","0","0","0","Hamza Fast food","31.4189436","74.2782969","Pizza restaurant",,,"C79H+H8F, Block E PGECHS 2, Lahore, Punjab, Pakistan","2","C79H+H8F","5"
,,,,,"Top Bite Pizza","31.4108831","74.3630849","Pizza restaurant",,"54762","C967+964, street 40, mohalla Youhanabad, Lahore, Punjab 54762, Pakistan","0","C967+964, street 40",
"1","0","0","0","0","New Tehzeeb Pizza (نیو تہذیب پیزا)","31.4336902","74.3634776","Fast food restaurant",,,"C9M7+F9H, Main Bazar Awan Market, Awan Market, Lahore, Punjab, Pakistan","1","C9M7+F9H, Main Bazar Awan Market","5"
"470","203","82","174","50","Haq Bahoo Foods - HBF","31.4336765","74.3560399","Pizza restaurant",,"54000","17 km Lahore – Kasur Rd, near pak arab society, opposite awan market, Saroba Garden Housing Scoiety, Lahore, Punjab 54000, Pakistan","979","17 km Lahore – Kasur Rd, near pak arab society, opposite awan market","3.9"
"2","1","1","0","0","Tfc pizza Burger &B'BQ","31.4249995","74.3470523","Family restaurant",,,"C8FW+XRV, Shadab Colony Rd, Sherwani Town Housing Scheme, Lahore, Punjab, Pakistan","4","C8FW+XRV, Shadab Colony Rd","3.8"
"1","0","2","0","0","Colorado Pizza Nishter","31.421289","74.3626312","Restaurant",,,"C9C7+G36، bhatti chowk, shadab town, main gate، opposite nishter main bazar, Nishter Colony, Lahore, Punjab, Pakistan","3","C9C7+G36، bhatti chowk, shadab town, main gate، opposite nishter main bazar","2.3"
"197","56","43","33","16","Foodie Moodie - Branch 1","31.4321744","74.346398","Fast food restaurant",,"54600","Plot 25-B، Commercial Market, Pak-Arab Housing Scheme Main Rd, Block B Pak-Arab Housing Scheme, Lahore, Punjab 54600, Pakistan","345","Plot 25-B، Commercial Market, Pak-Arab Housing Scheme Main Rd","4"
,,,,,"SFC Pizza Place","31.4379419","74.3635241","Fast food restaurant",,,"C9Q7+5CM, Gulshan Yaseen Colony, Lahore, Punjab, Pakistan","0","C9Q7+5CM",
,,,,,"SFC Pizza Place 🍕🍟","31.4275659","74.3815609","Fast food restaurant",,,"Ashyana Road, Main Iqbal Chowk, Lahore, Pakistan","0","Ashyana Road, Main Iqbal Chowk",
,,,,,"SCP Pizza Place","31.4377343","74.3634582","Restaurant",,,"Iqbal Chowk ashiana road, Gulshan Yaseen Colony, Lahore, Punjab, Pakistan","0","Iqbal Chowk ashiana road",
"1","1","1","0","0","Al Noor Foods ANF","31.4241334","74.3511487","Pizza restaurant",,"54000","Shop No 33 B Main Shadab, Colony, Lahore, 54000, Pakistan","3","Shop No 33 B Main Shadab, Colony","3.3"
,,,,,"Hot & Tasty Pizza and Fast food","31.4342977","74.3770152","Fast food restaurant",,"54760","kamahan Puli, Azam chowk, Kamahan - Lidher Rd, near cottan web, Kamahan Village, Lahore, Punjab 54760, Pakistan","0","kamahan Puli, Azam chowk, Kamahan - Lidher Rd, near cottan web",
"3","0","2","0","0","BFC Pizza","31.3971416","74.3045776","Fast food restaurant",,,"Bfc pizza, Kahna Kacha Flyover, Kana Kacha, Lahore, Punjab, Pakistan","5","Bfc pizza, Kahna Kacha Flyover","3.4"
"9","0","0","2","0","Hot Bird 🍕 h,ol","31.4184611","74.3532259","Fast food restaurant",,"54000","Girl Hostel back side, 184 Shop 1 Akhtar Saeed, Jasmine block, Lahore, 54000, Pakistan","11","Girl Hostel back side, 184 Shop 1 Akhtar Saeed, Jasmine block","4.6"
"4","0","0","0","0","Chunky Joy Fast Food","31.421289","74.3626313","Fast food restaurant",,"05441","Shop No. 581, Suleman block, Main Nishter Colony Main Bazar, Nishter Colony, Lahore, Punjab 05441, Pakistan","4","Shop No. 581, Suleman block, Main Nishter Colony Main Bazar","5"
,,,,,"Pizza Spot","31.435525","74.3561525","Restaurant",,"54000","111 Lahore – Kasur Rd, Awan Market, Lahore, Punjab 54000, Pakistan","0","111 Lahore – Kasur Rd",
,,,,,"BM Pizza Cheese","31.4224644","74.3480427","Restaurant",,,"Gillani Park, 94/90 Liquat street, Shadab Colony Rd, Lahore, Pakistan","0","Gillani Park, 94/90 Liquat street, Shadab Colony Rd",
"14","1","0","0","1","Tawazo's Downtown","31.3893043","74.2854477","Restaurant",,"54000","3B Defence Rd, NESPAK PHASE 3 Block B Engineers Town, Lahore, Punjab 54000, Pakistan","16","3B Defence Rd","4.8"
,,,,,"BABA NON & PIZZA SHOP","31.4249545","74.1923901","Pizza restaurant",,,"C5FR+XXJ, Unnamed Road, Block B Iqbal Avenue Phase 3 Iqbal Avenue - Phase 3, Lahore, Punjab, Pakistan","29","C5FR+XXJ, Unnamed Road","4.1"
,,,,,"Pizza and More","31.404112","74.1907804","Italian restaurant",,,"C53R+J8R, H-Block, Block F Block H Canal Gardens, Lahore, Punjab, Pakistan","10","C53R+J8R, H-Block","3.8"
,,,,,"First Step Tandoori Pizza","31.4270184","74.1760682","Pizza restaurant",,,"C5GG+RC4, Chung, Lahore, Punjab, Pakistan","2","C5GG+RC4","5"
,,,,,"Domino's Pizza - DHA EME","31.4433265","74.2097252","Pizza restaurant","$$",,"Plot 416, Block J DHA EME Sector, Lahore, Punjab, Pakistan","258","Plot 416","3.6"
,,,,,"Jubilee Fast Food","31.4092949","74.1842445","Pizza restaurant",,"54000","Plot C1, Block C Jubilee Town Housing Scheme, Lahore, Punjab 54000, Pakistan","288","Plot C1","4"
,,,,,"Hot & Taste Chung","31.4268311","74.1759377","Pizza restaurant",,"54000","Opposite Gormet Bakery Chung, Multan Rd, Chung, Lahore, Punjab 54000, Pakistan","33","Opposite Gormet Bakery Chung, Multan Rd","4.3"
,,,,,"The Mad Chef (TMC)","31.4210387","74.1842314","Pizza restaurant",,"54000","32-33, Commercial A Block Izmir, Lahore, 54000, Pakistan","3","32-33","5"
,,,,,"Taco Bite","31.4138882","74.2213888","Pizza restaurant",,,"15 b Sher Shah Link Rd, Talib Ganj, Lahore, Punjab, Pakistan","379","15 b Sher Shah Link Rd","4.1"
,,,,,"Pizza Bank Muridke","31.7974217","74.2550017","Pizza restaurant",,,"Q7W4+X26, Service Rd, Canal Park Muridke, Sheikhupura, Punjab, Pakistan","3","Q7W4+X26, Service Rd","5"
,,,,,"Nineteen cafe muridke","31.7950183","74.2557897","Pizza restaurant",,"39000","19 cafe Main GT Rd, near dory bakery, opposite sidique sweets, Mohalla Nizam Park, Muridke, Sheikhupura, Punjab 39000, Pakistan","4","19 cafe Main GT Rd, near dory bakery, opposite sidique sweets","4.8"
,,,,,"Timmy's - Izmir Town","31.4211812","74.1827428","Pizza restaurant",,"53800","16-A, Izmir, Lahore, 53800, Pakistan","41","16-A","3.8"
,,,,,"Domino's Times MDK","31.8146529","74.2479036","Pizza restaurant",,,"R67X+V56, Daoke Muridke, Sheikhupura, Punjab, Pakistan","51","R67X+V56","4.4"
,,,,,"Pizza Venue Al rehman garden","31.5905081","74.2509692","Pizza restaurant",,"42000","Plaza No. 84, Hassan Commercial, Lahore, Punjab 42000, Pakistan","114","Plaza No. 84, Hassan Commercial","4.3"
,,,,,"Taco Bite","31.7935432","74.2561907","Pizza restaurant",,"39000","Chahal Garden, Muridke, Sheikhupura, Punjab 39000, Pakistan","215","Chahal Garden","4.2"
,,,,,"The Hunger Hut | Fast Food restaurant Shahdara | Pizza & Burger","31.6509682","74.2830607","Pizza restaurant",,"52251","Iqbal palaza, Main GT Rd, Peoples Colony Ferozewala, Lahore, Punjab 52251, Pakistan","160","Iqbal palaza, Main GT Rd","4.1"
,,,,,"Pizza Crust 🍕","31.5557679","74.3641656","Pizza restaurant",,"05478","Street No. 9, Scheme No 1 Mustafabad, Lahore, Punjab 05478, Pakistan","1","Street No. 9","5"
,,,,,"Pizzay Di Hatti 3","31.5928238","74.3049229","Pizza restaurant",,,"Ravi Rd, Qila Lachman Singh, Lahore, Punjab, Pakistan","52","Ravi Rd","4.1"
,,,,,"Pizza Home","31.5502007","74.4169286","Pizza restaurant",,,"HC28+3QM, Hussain Rd, Shahid Town Aziz Bhatti Town, Lahore, Punjab, Pakistan","1","HC28+3QM, Hussain Rd","5"
,,,,,"Oma's Pizza and Fast Food","31.656637","74.2819632","Pizza restaurant",,,"GT Rd, Rachna Town Ferozewala, Lahore, Punjab, Pakistan","346","GT Rd","4.1"
"7","3","3","0","1","Forks n knives Pizza kitchen","31.4237046","74.3411068","Restaurant",,"54600","Pak Arab Society F1, 0024 E Block, Lahore, 54600, Pakistan","14","Pak Arab Society F1, 0024 E Block","3.7"
"35","19","6","4","0","PIZZA KING","31.3937125","74.1747671","Restaurant","$$",,"Plot C 23, Block B Canal Gardens, Lahore, Punjab, Pakistan","64","Plot C 23","4.2"
"1","0","0","0","0","The Pizza Master","31.4051539","74.1905344","Fast food restaurant",,,"208 Umer Rd, Block D Block F Jubilee Town Housing Scheme, Lahore, Punjab, Pakistan","1","208 Umer Rd","5"
"19","3","2","1","3","One Bite Pizza","31.3937459","74.1745501","Fast food restaurant",,,"8, Block B Commercial Area Block B Canal Gardens, Lahore, Punjab, Pakistan","28","8","4.2"
"40","12","1","7","6","NY 99 Pizza","31.4062609","74.1907872","Fast food restaurant",,,"71 F, near Allied School, Lahore, Pakistan","66","71 F, near Allied School","4.3"
"10","0","0","0","0","AAA pizza","31.4138622","74.2239623","Fast food restaurant",,,"Block 118 A block, Raiwind Rd, Block A Sher Shah Colony, Lahore, Punjab, Pakistan","10","Block 118 A block, Raiwind Rd","5"
"13","3","0","1","0","Salt Inn Pizza","31.4029016","74.1640273","Restaurant",,,"C537+5J6, Block C Pgshs 1, Lahore, Punjab, Pakistan","17","C537+5J6","4.7"
"15","0","1","0","1","nesto's Pizza","31.393923","74.1737996","Fast food restaurant",,,"36 B Commercial, Canal Gardens, Lahore, Pakistan","17","36 B Commercial","4.6"
,,,,,"M R Food Club","30.7525574","74.1191329","Pizza restaurant",,,"Q439+2MC, Kanganpur, Kasur, Punjab, Pakistan","3","Q439+2MC","3.3"
,,,,,"PIZZA STORE","31.3569375","74.1844375","Restaurant",,"53720","954M+QQG, Violet Block Bahria Town, Lahore, Punjab 53720, Pakistan","80","954M+QQG","5"
,,,,,"Pizzeria","31.3839063","74.1687399","Restaurant",,,"95M9+HF9, Sector C Commercial Area Sector C Bahria Town, Lahore, Punjab, Pakistan","65","95M9+HF9","4.3"
,,,,,"MR.PIZZA BAHRIA BRANCH","31.3818125","74.1675625","Fast food restaurant",,"53720","MAIN GATE, CANAL ROAD, opposite BAHRIA TOWN, Superior Services Housing Society, Lahore, Punjab 53720, Pakistan","7","MAIN GATE, CANAL ROAD, opposite BAHRIA TOWN","5"
,,,,,"PIZZA IN-Bahria Town","31.3681715","74.1878142","Fast food restaurant",,"53720","227-B, Tulip Commercial Ext Sector C Bahria Town, Lahore, 53720, Pakistan","15","227-B","3.3"
"37","7","4","5","2","Shahid Pizza & Fast Food","31.4266897","74.1762834","Restaurant",,,"C5GG+MGF, Multan Rd, Chung, Lahore, Punjab, Pakistan","55","C5GG+MGF, Multan Rd","4.3"
"45","16","5","9","4","Al noor pizza","31.3896105","74.1901864","Fast food restaurant",,,"Suit 4, Takbeer Block, Azam Bharti Market, Takbeer Block Sector B Bahria Town, Lahore, Punjab, Pakistan","79","Suit 4, Takbeer Block, Azam Bharti Market","4.2"
"3","1","2","1","0","Royal Spicy chicken","31.4137303","74.219244","Pizza restaurant",,"53700","40b main shershah colony link road, 1 Raiwind Rd, near lda avenue, near jubilee town, Lahore, 53700, Pakistan","7","40b main shershah colony link road, 1 Raiwind Rd, near lda avenue, near jubilee town","3.4"
"5","2","1","1","0","Pizza N Steak Bahria Town","31.3869376","74.1909924","Restaurant",,"54000","13/B, Shaheen Block Sector B Bahria Town, Lahore, Punjab 54000, Pakistan","9","13/B","4.1"
"1","0","0","0","0","Cheesy Charm Pizza","31.396483","74.1764766","Fast food restaurant",,,"211 AA Block Rd, Block C Canal Gardens, Lahore, Punjab, Pakistan","1","211 AA Block Rd","5"
"1","0","1","0","0","Sarpinos Pizzeria and Wayback Burgers","31.3901875","74.1689375","Fast food restaurant",,,"95R9+3H5, Canal Gardens, Lahore, Punjab, Pakistan","2","95R9+3H5","3"
"9","1","0","0","0","Best Pizza Bites and Grill","31.3544534","74.2158788","Fast food restaurant",,"54000","12-B, Block B Awt Housing Scheme Phase 2 AWT Phase 2, Lahore, 54000, Pakistan","10","12-B","4.9"
"113","8","11","4","1","Peri Peri Grill Cottage","31.3709642","74.1856258","Restaurant",,"54000","C, 95-A Sector, Commercial Commercial Area Sector C Bahria Town, Lahore, Punjab 54000, Pakistan","137","C, 95-A Sector","4.5"
"142","22","15","6","1","Big Bites Fast Food Restaurant Bahria Town Lahore","31.3751288","74.1869699","Fast food restaurant",,"53720","173 B Sector C Commercial, Bahria Town, Lahore, 53720, Pakistan","186","173 B Sector C Commercial","4.5"
,,,,,"Spice cuisine pizza shop","31.4616371","74.347781","Pizza restaurant",,,"Abid market qainchi stop, Bostan Colony, Lahore, Punjab, Pakistan","11","Abid market qainchi stop","5"
"10","0","2","0","0","Pizza Pro","31.3689699","74.2414742","Fast food restaurant",,,"969R+HHQ, Block A Fazaia Housing Society, Lahore, Punjab, Pakistan","12","969R+HHQ","4.3"
"3","1","0","1","0","One bite pizza bahria town","31.3712654","74.1866836","Fast food restaurant",,"53720","105-B, Commerical Zone, Sector C Commercial Area Sector C Bahria Town, Lahore, Punjab 53720, Pakistan","5","105-B, Commerical Zone","4.4"
"75","38","24","27","5","Butt G Fast Foods","31.4137473","74.2210204","Fast food restaurant",,,"C67C+FCR, Sher Shah Link Rd, Block B Talib Ganj, Lahore, Punjab, Pakistan","169","C67C+FCR, Sher Shah Link Rd","3.8"
"159","28","26","13","5","Sultan Shawarma - Bahria Town","31.3738455","74.1852698","Shawarma restaurant",,"53720","129-A, Gulmohar block, sector C, Commercial Area Bahria Town, Lahore, 53720, Pakistan","231","129-A, Gulmohar block, sector C","4.3"
"3","0","0","0","0","Hammy's pizza delight","31.4209246","74.1846009","Restaurant",,,"Block A Izmir, Lahore, Punjab, Pakistan","3",,"5"
"3","0","0","0","0","Chicago Downtown Pizza","31.3711982","74.1851056","Fast food restaurant",,"53720","100 A, 1st Floor, Commercial, Commercial Area Sector C Bahria Town, Lahore, Punjab 53720, Pakistan","3","100 A, 1st Floor, Commercial","5"
"10","0","1","0","0","Crispo","31.4086903","74.1898132","Fast food restaurant",,,"74 Jubilee Town Rd, Block C Commercial Area Jubilee Town Housing Scheme, Lahore, Punjab, Pakistan","11","74 Jubilee Town Rd","4.6"
"7","0","0","0","0","Food Planet","31.4254604","74.1753191","Fast food restaurant",,"53700","Chung plaza, 20Km Multan Rd, Chung, Lahore Punjab 53720, Lahore, 53700, Pakistan","7","Chung plaza, 20Km Multan Rd, Chung, Lahore Punjab 53720","5"
"75","35","28","15","6","Naan Hut Lake City branch","31.3540728","74.2445581","Restaurant","$$",,"Lake City Main Blvd, Block M 7 Lake City, Lahore, Punjab, Pakistan","159","Lake City Main Blvd","3.8"
"16","4","2","1","1","Eaters Arena","31.3935948","74.2455901","Restaurant",,,"Alternate Rte To Raiwind Rd, Yousuf Town, Lahore, Punjab, Pakistan","24","Alternate Rte To Raiwind Rd","4.3"
"145","21","13","6","6","EATOLOGY","31.3707484","74.1854725","Restaurant",,"54000","Plaza No. 94 A, C, Sector C Chambelli Block Sector C Bahria Town, Lahore, Punjab 54000, Pakistan","191","Plaza No. 94 A, C","4.5"
"168","30","16","21","7","Pizza Pro","31.3556893","74.2154353","Restaurant","$$",,"Block B Awt Housing Scheme Phase 2 AWT Phase 2, Lahore, Punjab, Pakistan","242",,"4.4"
"171","100","47","56","16","Fri Chiks","31.3755629","74.1857622","Fast food restaurant",,"54000","Fri Chiks, c, 13-A Gulmohr Commercial Area Sector C Bahria Town, Lahore, Punjab 54000, Pakistan","390","Fri Chiks, c","3.9"
"2707","237","76","70","33","Cheezious - Nespak","31.4271079","74.1841072","Fast food restaurant",,"54770","1A canal bank road, Block A Nespak Housing Society Phase 2 NESPAK Housing Society Phase II Site 1, Lahore, Punjab 54770, Pakistan","3123","1A canal bank road","4.8"
"28","1","2","0","0","Captain Cuisine","31.3571486","74.1757034","Fast food restaurant",,"54000","Plaza 56 Quaid Block Behria Town Quid, Block, Lahore, 54000, Pakistan","31","Plaza 56 Quaid Block Behria Town Quid, Block","4.7"
"1397","68","40","21","9","Juicy Chuck Lake City","31.352784","74.2519982","Restaurant",,"54000","Block M 7 Lake City, Lahore, Punjab 54000, Pakistan","1535",,"4.8"
"1","0","0","0","0","Chipotle Pizza & Burgers","31.353671","74.2459317","Family restaurant",,,"34/4 Main Boulevard, Raiwind Rd, Lake City, Lahore, Pakistan","1","34/4 Main Boulevard, Raiwind Rd","5"
"13","1","4","0","0","Rafayel by Rafayel","31.3904652","74.1690464","Restaurant",,"54000","Chishti plaza # 905 Main Canal bank Road Sector A Bahria town Lahore Ground floor Chishti plaza #905 canal bank road, A, Bahria Town, Lahore, 54000, Pakistan","18","Chishti plaza # 905 Main Canal bank Road Sector A Bahria town Lahore Ground floor Chishti plaza #905 canal bank road, A","4.1"
"13","4","1","0","1","CAPO","31.3746025","74.1869219","Fast food restaurant",,"53720","132 B C, Sector C Commercial Area Sector C Bahria Town, Lahore, Punjab 53720, Pakistan","19","132 B C","4.4"
"71","19","14","6","0","Forks n Knives Jubilee Town","31.4075625","74.1845625","Fast food restaurant",,,"Block C Commercial Area Jubilee Town Housing Scheme, Lahore, Punjab, Pakistan","110",,"4.2"
"0","1","0","0","0","K&R pizza","31.3547894","74.2149978","Restaurant",,,"AWT Phase 2, 249, c block Lahore, Pakistan","1","AWT Phase 2, 249","4"
"13","1","7","2","0","Food & Bar","31.4339816","74.1715992","Fast food restaurant",,,"ROSE, 152/1, Rose Commercial, Parkview City, Multan Road, COMMERCIAL, Lahore, Pakistan","23","ROSE, 152/1, Rose Commercial, Parkview City, Multan Road, COMMERCIAL","3.6"
"9","9","0","3","0","Get's Grill","31.3741865","74.1877125","Restaurant",,,"95FQ+M3G, Street 21, Jasmine Block Sector C Bahria Town, Lahore, Punjab, Pakistan","21","95FQ+M3G, Street 21","4.3"
"1","0","0","0","0","Fresh bake spicy food","31.3584195","74.145892","Pizza delivery",,,"945W+996, Canal Bank Rd, Chimbranwali Jhuggi, Islam Nagar, Lahore, Punjab, Pakistan","1","945W+996, Canal Bank Rd","5"
"2","0","0","0","0","Take N Bake Pizza Studio","31.4267138","74.1706622","Fast food restaurant",,"53800","Adalat Shah Rd, Chung, Lahore, Punjab 53800, Pakistan","2","Adalat Shah Rd","5"
,,,,,"KOH-E-NOOR PIZZA & FAMILY","31.7027458","74.0177034","Family restaurant",,,"P239+33W, Khan Colony, Sheikhupura, Punjab, Pakistan","2","P239+33W","5"
,,,,,"Primo Pizza Sheikhupura","31.7076375","74.0052969","Pizza delivery",,,"P254+343, Sultanpura, Sheikhupura, Punjab, Pakistan","3","P254+343","5"
,,,,,"Maz in city pizza","31.7086024","73.9810223","Pizza restaurant",,,"PX5J+CCR, Civil Quarters Rd, Jinnah Park, Sheikhupura, Punjab, Pakistan","7","PX5J+CCR, Civil Quarters Rd","3.6"
,,,,,"Whites Castle Pizza Sheikhupura","31.7114139","73.9739681","Pizza restaurant","$$","39350","Ghanj Road, near Nadra Executive, Civil Lines, Sheikhupura, Punjab 39350, Pakistan","988","Ghanj Road, near Nadra Executive","4.7"
,,,,,"Peri Peri Pizza Sheikhupura","31.7226757","73.9803199","Pizza restaurant",,"39350","PXFJ+34G, Jandiala - Sheikhupura Rd, Sheikhupura, Punjab 39350, Pakistan","20","PXFJ+34G, Jandiala - Sheikhupura Rd","4.2"
,,,,,"Domino's Pizza","31.7118605","73.9754421","Restaurant","$$",,"PX6G+P5W, Service Rd, Sheikhupura, Punjab, Pakistan","396","PX6G+P5W, Service Rd","3.9"
,,,,,"Pizza Bank Sheikhupura","31.7094662","74.0005924","Fast food restaurant",,"39350","Main Lahore Rd, near Govt Degree College For Grils, Sheikhupura, Punjab 39350, Pakistan","174","Main Lahore Rd, near Govt Degree College For Grils","4.1"
,,,,,"Kings & Queens Pizza Parlor","31.7101007","73.9791786","Fast food restaurant",,"39035","Hospital Rd, Jinnah Park, Sheikhupura, Punjab 39035, Pakistan","6","Hospital Rd","4.2"
,,,,,"The Crust Pizza","31.7126187","73.9749924","Fast food restaurant",,,"Outfitters Clothing, Heart Chowk, Besides Edenrobe, basement, Sheikhupura, Pakistan","823","Outfitters Clothing, Heart Chowk, Besides Edenrobe, basement","4.7"
,,,,,"Broadway Pizza hut","31.7041017","74.0163894","Fast food restaurant",,,"Care 4 plaza, VIP City, Sheikhupura, Punjab, Pakistan","118","Care 4 plaza","3.9"
,,,,,"Super Pizza Hut","31.7070883","74.0076134","Fast food restaurant",,,"P245+R2Q, Rehmanpura, Sheikhupura, Punjab, Pakistan","76","P245+R2Q","3.9"
,,,,,"Papa Pizza","31.7092755","73.9793298","Fast food restaurant",,,"PX5H+PP8, Government Quarters Jinnah Park, Sheikhupura, Punjab, Pakistan","12","PX5H+PP8","4.5"
,,,,,"Hot stone (pizza vally)","31.7116534","73.9830333","Pizza restaurant",,,"PX6M+M67, Joyan wala morr, Sheikhupura road, opposite gellani hospital, Sheikhupura, Pakistan","2","PX6M+M67, Joyan wala morr, Sheikhupura road, opposite gellani hospital","5"
,,,,,"Crispers Fried Chicken & Pizza sheikhupura","31.7085713","73.9749307","Fast food restaurant",,,"Shop No118,Cricket Stadium main entry gate, Sheikhupura, Pakistan","12","Shop No118,Cricket Stadium main entry gate","4.1"
,,,,,"AFC SHEIKHUPURA","31.7098217","73.9791183","Pizza restaurant",,"39350","Qasim Ali Road Civil quarter road (6.31 km) 39350, Sheikhupura, 39350, Pakistan","380","Qasim Ali Road Civil quarter road (6.31 km) 39350","3.9"
,,,,,"Appitizer Cafe","31.7044101","74.0221452","Pizza restaurant",,,"P23C+QV6, Housing Colony Sheikhupura, Punjab, Pakistan","9","P23C+QV6","4.2"
,,,,,"Pizzarium Sheikhupura Pizza","31.7093265","73.9824418","Restaurant","$$","39350","adjacent to Shimla Sweets, opposite to Nikhar Beauty Parlour, Allama Iqbal Park, Sheikhupura, Punjab 39350, Pakistan","788","adjacent to Shimla Sweets, opposite to Nikhar Beauty Parlour","4.2"
"51","18","19","9","2","Almadina Istanbul Restaurant","31.3563363","74.1838222","Restaurant",,"53720","Plaza No.5, Quaid Commercial, Eiffel Tower Facing, Bahria Town, Lahore, 53720, Pakistan","99","Plaza No.5, Quaid Commercial, Eiffel Tower Facing","3.8"
,,,,,"Pizza Heart","31.3583116","74.2354931","Fast food restaurant",,,"100ft Sher Shah Road, Raiwind Rd, Lahore, Punjab, Pakistan","0","100ft Sher Shah Road, Raiwind Rd",
"6","0","0","0","0","Pizza Burg","31.3722703","74.1870069","Fast food restaurant",,"53720","32 C, Commercial Zone Sector C Commercial Area Sector C Bahria Town, Lahore, Punjab 53720, Pakistan","6","32 C","5"
"3","1","0","1","0","Osom pizzaz","31.3733712","74.1703185","Restaurant",,,"Plot 1392, DD-Block Dd Block Sector D Bahria Town, Lahore, Punjab, Pakistan","5","Plot 1392","4.4"
"5","0","0","0","0","Okasha Shawarma Point","31.3762716","74.1814875","Fast food restaurant",,"53720","IBL complex, Gardenia market, Lahore, 53720, Pakistan","5","IBL complex, Gardenia market","5"
,,,,,"Amigo.s pizza hut","31.4615723","74.3617203","Pizza restaurant",,,"Ghazzi rod, Munawrabad Nishtar Town, Lahore, Punjab, Pakistan","12","Ghazzi rod","5"
,,,,,"Pizza 21","31.3689001","74.2325105","Pizza restaurant",,,"969M+H26, Raiwind Rd, Block A Fazaia Housing Society, Lahore, Punjab, Pakistan","0","969M+H26, Raiwind Rd",
,,,,,"Cottage Pizza","31.4724399","74.3766767","Pizza restaurant",,,"53-T Commercial Area, Sector Y Sector H DHA Phase 2, Lahore, Punjab, Pakistan","89","53-T Commercial Area","4"
"6","0","1","0","0","KHAANAY DAAR","31.3746466","74.173861","Fast food restaurant",,,"Plot 64, 65, Aa Block Sector D Bahria Town, Lahore, Punjab, Pakistan","7","Plot 64, 65","4.4"
